Gender,Height(inches),Weight(lbs)
1,67,150
0,67,140
1,67,100
1,62,185
0,66,145
1,62,140
0,69,183
1,68,140
0,71,175
0,66,108
1,64,123
0,66,215
0,62,128
1,59,91
0,73,198
1,59,175
0,67,145
0,64,118
0,71,150
0,71,125
0,69,180
1,59,94
0,74,160
1,63,190
0,65,145
0,69,160
1,66,130
1,63,120
0,65,125
1,68,124
1,64,135
1,64,98
0,66,150
1,67,160
1,67,140
0,71,170
1,60,109
0,68,170
1,63,165
0,67,147
1,63,110
0,68,160
1,60,125
1,66,142
1,65,154
1,62,119
0,65,135
0,69,195
1,63,110
1,63,140
1,64,219
1,66,135
0,66,140
0,68,135
1,68,-1
0,64,100
1,62,135
0,74,200
1,63,150
0,69,163
0,71,116
0,68,145
0,71,140
0,68,125
1,66,130
0,72,157
0,68,200
1,61,110
0,64,165
0,70,115
0,67,153
0,65,135
1,62,116
1,63,122
0,66,130
0,73,180
1,66,110
0,69,190
0,68,160
1,62,115
0,66,130
1,64,110
0,70,150
0,72,185
0,70,175
0,66,200
1,68,180
0,62,135
0,63,120
1,63,134
0,72,185
0,72,160
0,68,160
1,65,143
1,68,180
1,65,130
1,65,200
1,65,195
0,66,160
0,70,195
1,63,120
0,69,120
1,64,110
1,67,140
1,66,104
1,63,125
0,71,140
1,68,190
1,65,125
0,66,125
0,64,125
0,72,245
0,74,235
1,62,130
0,68,135
1,62,120
1,63,155
1,65,130
1,64,130
0,74,200
0,70,145
0,68,140
0,69,135
1,61,124
1,66,125
0,76,216
1,66,120
1,62,103
1,65,162
0,69,165
0,73,164
0,70,153
0,75,172
1,58,103
1,63,135
1,68,160
0,69,141
1,67,145
0,68,148
1,67,180
0,70,150
0,70,160
1,60,170
0,70,210
1,66,175
1,64,130
0,72,172
1,64,108
0,72,190
1,66,142
0,69,235
0,72,145
1,66,-2
1,70,-2
1,64,110
0,70,196
1,65,118
0,72,200
1,61,145
1,63,110
1,65,115
0,70,170
1,66,160
1,62,123
1,65,135
0,68,140
0,65,160
1,60,150
0,72,168
1,61,100
1,62,100
0,66,135
0,67,155
1,62,135
1,64,200
0,66,140
1,62,185
0,65,125
0,72,165
1,64,95
0,72,155
1,65,110
1,67,165
1,65,132
0,66,125
1,64,120
1,63,130
0,66,130
0,63,115
1,59,160
0,64,150
1,64,130
1,61,120
0,66,150
1,66,250
0,71,150
0,70,180
0,69,210
1,61,105
0,64,140
0,63,130
1,64,130
0,71,210
1,63,132
1,67,-2
0,70,125
1,66,110
0,65,125
0,67,167
0,67,140
0,69,130
1,65,122
1,64,113
1,60,108
0,66,120
1,60,130
0,70,180
1,60,105
1,61,120
0,69,170
1,65,122
0,67,145
1,69,132
0,70,155
0,70,160
1,67,105
0,64,120
1,61,102
1,61,110
0,71,140
1,70,140
0,71,-2
0,68,-2
0,72,130
0,71,155
0,72,190
0,68,130
0,73,140
0,66,140
0,69,136
0,67,130
1,67,135
1,65,131
0,69,142
1,64,120
1,67,-2
1,63,117
1,59,210
1,66,130
0,66,-2
1,63,90
0,65,120
0,72,170
0,71,160
0,71,165
0,67,135
0,66,120
0,65,110
1,64,135
0,72,-2
1,63,140
0,69,180
1,64,-1
1,61,-1
1,62,110
1,67,-2
1,67,-1
1,64,120
0,72,180
1,60,-1
1,61,110
0,65,150
1,65,150
1,64,105
1,63,120
1,64,140
1,68,155
0,70,180
1,59,110
1,69,-1
1,63,125
0,66,160
1,66,-1
1,63,125
0,64,150
1,65,135
1,68,135
0,74,180
1,64,116
0,66,160
1,65,140
0,68,130
1,66,165
0,73,195
1,60,90
0,74,160
0,75,200
0,64,135
1,64,115
1,62,113
0,65,113
0,72,150
1,62,120
0,62,110
1,63,98
1,66,113
1,68,-2
0,69,145
0,72,132
1,62,112
1,62,115
0,64,125
0,65,125
0,70,200
0,60,-2
0,63,112
0,63,110
0,67,142
0,66,130
0,64,140
0,69,150
0,68,160
1,66,140
1,62,174
1,63,117
0,72,225
0,70,145
1,59,120
0,67,135
0,78,260
1,64,175
1,64,128
1,60,120
1,63,117
1,65,160
0,66,150
1,65,170
0,65,-2
0,71,175
1,66,148
0,70,124
1,65,-2
1,64,280
0,73,245
1,66,101
0,72,154
0,69,160
1,59,120
0,68,210
0,68,154
0,72,195
1,62,106
1,67,140
1,67,135
1,66,150
0,67,139
0,67,160
0,67,155
0,66,145
0,62,140
0,69,150
0,70,130
0,69,153
0,74,180
1,68,125
0,70,135
1,66,125
1,70,178
0,72,160
0,76,165
1,65,130
1,63,120
0,70,175
1,69,195
0,65,157
1,66,160
0,74,165
0,72,320
1,66,-1
1,68,140
1,60,104
1,65,130
0,69,150
0,73,155
0,71,175
0,70,175
0,66,135
1,68,-2
1,65,116
1,66,145
1,63,140
0,63,142
1,53,98
0,66,265
0,66,164
1,63,160
0,71,175
1,62,118
0,76,155
1,65,150
1,71,165
0,74,180
1,66,165
0,64,160
0,66,210
1,64,145
0,67,165
1,67,160
0,63,160
1,62,143
1,56,136
1,62,125
1,63,130
0,68,150
1,65,140
1,63,190
0,73,175
0,71,170
0,70,176
0,69,170
0,67,160
1,68,103
1,60,110
1,60,102
1,62,125
0,62,110
1,65,126
1,59,-2
0,67,126
1,61,130
1,61,104
1,66,104
0,69,180
1,60,150
1,61,120
1,62,101
0,68,147
0,71,155
1,60,120
1,62,120
1,65,155
1,65,135
0,70,187
0,71,235
0,68,140
1,60,100
0,66,147
1,65,170
0,68,199
1,71,135
1,63,125
0,73,280
0,70,180
1,62,103
1,68,127
0,75,164
0,65,120
1,64,110
1,67,125
1,60,108
0,69,260
0,68,220
0,72,230
1,66,120
0,73,161
0,71,145
1,62,100
0,67,232
1,66,115
0,69,135
0,67,160
1,60,170
0,66,142
1,62,103
0,68,120
0,70,170
1,59,110
1,62,-2
0,66,170
0,64,140
0,70,130
1,64,160
0,67,130
0,69,175
0,68,150
0,68,160
1,62,130
1,66,135
1,66,135
1,64,120
1,63,138
1,63,100
0,73,185
0,74,220
1,69,-1
1,63,110
1,65,135
1,67,130
0,72,165
0,73,185
0,70,170
0,70,130
0,76,210
1,63,100
0,71,165
0,64,110
0,67,160
0,70,150
0,69,130
1,61,135
1,59,104
0,74,150
1,67,115
1,68,135
0,71,170
1,64,110
0,68,130
0,72,146
0,67,145
1,62,104
0,65,115
0,66,125
0,66,170
0,75,210
1,64,104
1,63,110
0,67,140
0,69,160
0,70,140
0,69,150
1,66,130
0,66,135
0,72,220
1,67,194
1,69,130
1,65,165
1,65,120
0,71,290
1,66,140
0,73,185
0,69,145
0,70,179
1,63,125
1,62,140
1,64,181
1,64,178
1,59,95
1,68,120
1,68,118
0,70,160
1,63,124
0,68,152
0,67,170
1,62,145
1,60,160
0,78,155
1,64,120
0,73,147
1,68,170
1,67,125
0,67,133
0,74,180
0,73,210
1,65,148
1,65,117
0,68,135
1,64,120
0,67,170
0,68,155
1,64,150
0,71,200
1,67,118
0,69,170
1,63,150
0,70,170
0,72,167
1,60,86
0,71,145
0,74,230
1,65,120
1,67,140
1,61,95
1,67,125
0,72,155
1,63,135
0,63,110
1,65,125
0,75,180
0,75,175
0,75,235
0,73,125
0,71,202
0,70,150
1,61,87
1,61,99
1,62,105
0,72,188
1,67,140
0,65,132
0,72,190
1,63,119
0,67,143
1,66,140
0,72,190
0,68,146
0,68,145
1,67,130
1,64,115
1,64,120
0,71,165
0,74,235
0,73,160
1,69,160
0,71,180
1,64,140
1,65,153
1,63,120
1,66,226
0,62,98
1,65,172
0,79,210
1,63,110
1,66,134
0,69,140
1,62,130
0,67,140
0,69,240
0,72,150
1,63,160
0,71,180
1,63,107
0,70,150
0,68,140
0,80,145
0,68,140
0,76,170
1,62,150
0,69,280
0,66,132
1,62,150
1,62,111
1,62,145
0,68,145
1,68,180
1,70,162
0,72,150
0,67,140
1,61,130
0,68,155
1,64,132
0,68,150
0,72,160
0,74,157
0,75,215
0,70,210
1,70,170
0,71,170
0,71,135
0,71,150
1,63,140
0,72,175
1,66,210
1,64,130
0,71,180
1,62,128
0,75,180
1,70,130
1,63,130
1,64,135
1,64,123
0,76,220
0,65,123
1,63,95
1,66,135
1,69,160
1,67,125
0,71,125
0,70,131
0,73,155
0,70,155
0,74,190
1,63,130
1,66,135
0,73,138
1,65,185
0,68,145
0,73,189
1,62,140
1,68,170
1,65,117
0,70,190
0,75,235
1,66,115
0,74,170
1,60,120
0,70,130
0,69,160
0,73,177
0,70,155
1,63,110
0,72,150
1,68,150
1,62,115
1,67,125
1,63,140
1,63,105
1,67,-1
0,67,130
0,67,175
1,62,117
0,67,147
0,72,160
0,62,110
0,67,135
0,71,180
0,72,155
1,68,105
0,71,165
0,72,160
0,71,145
1,68,130
1,64,115
1,65,115
0,71,145
0,67,155
0,69,140
1,62,102
1,66,132
0,71,155
0,75,210
0,71,165
1,63,162
0,68,178
1,67,145
0,72,155
1,71,130
1,68,122
1,67,110
1,63,142
1,66,153
1,61,132
0,65,173
1,65,114
0,69,135
0,65,132
1,65,162
1,67,180
0,67,114
1,64,122
1,64,129
0,70,155
1,66,140
0,67,110
0,70,165
1,67,135
1,69,125
0,67,120
1,67,130
0,73,190
0,65,160
1,62,105
1,65,130
1,67,130
1,67,130
0,72,180
0,70,155
1,64,100
0,65,140
1,64,118
0,69,140
1,66,123
1,68,230
1,62,125
1,63,130
0,70,150
1,62,120
1,64,126
1,67,130
0,72,175
1,68,155
1,64,-2
0,66,130
0,72,200
0,69,150
1,63,145
1,65,91
1,61,-2
0,73,205
0,71,135
0,68,138
1,63,180
1,62,102
0,71,155
0,72,185
1,67,125
0,71,190
1,63,113
1,63,125
1,64,120
1,61,120
1,64,105
0,71,210
1,63,138
0,66,150
0,65,142
0,72,206
1,65,113
1,67,160
0,65,170
0,68,120
1,65,120
0,71,140
0,72,140
0,65,133
1,64,190
1,64,112
0,67,135
1,71,165
0,72,160
1,67,126
1,66,160
0,74,240
1,63,125
1,64,150
1,64,110
1,60,100
1,68,130
0,64,120
1,66,150
0,70,135
1,62,115
1,71,148
0,69,145
1,61,125
1,63,110
0,74,160
0,68,140
1,59,95
0,74,145
1,63,125
1,63,140
1,59,102
1,66,165
0,69,250
0,64,140
1,60,100
0,66,135
1,63,180
1,62,107
1,63,110
1,66,130
1,66,140
1,62,125
0,68,145
0,68,155
0,69,145
0,71,175
1,67,150
0,69,130
0,65,130
1,62,115
1,75,180
1,64,130
1,63,120
1,63,130
1,64,130
1,68,140
1,67,133
0,73,260
1,67,135
1,64,115
0,69,170
0,66,130
0,70,210
0,70,155
0,73,189
1,69,135
0,74,200
0,73,145
1,64,135
1,65,115
1,65,114
1,70,145
0,69,140
1,63,100
0,64,110
1,64,110
0,70,155
0,71,150
0,70,180
0,70,265
0,66,160
0,70,135
0,69,155
1,65,110
0,66,140
1,65,105
1,62,130
1,61,129
1,66,220
0,70,210
1,64,110
1,63,190
0,64,130
1,70,220
1,64,118
1,64,115
1,64,135
0,72,225
0,70,180
0,69,180
0,69,190
0,71,135
1,63,150
0,69,200
0,64,125
0,65,114
0,67,125
1,63,160
0,72,155
1,63,97
0,72,165
0,66,115
0,66,150
0,66,135
0,66,120
0,70,150
1,64,120
0,70,140
0,68,140
0,74,135
1,65,125
1,65,155
1,67,180
1,63,115
0,71,220
0,73,200
0,75,175
0,75,175
1,66,-2
0,71,150
0,71,150
1,62,155
0,65,130
0,73,157
0,71,175
0,65,137
1,63,200
1,66,137
0,71,165
1,60,118
1,64,123
0,68,150
1,64,120
0,76,174
1,63,125
1,63,130
0,72,170
1,67,150
0,69,137
0,71,165
1,62,198
1,64,165
1,65,135
1,66,130
0,75,221
0,75,250
1,64,202
1,67,119
0,74,180
1,61,150
1,64,116
0,65,135
1,62,130
0,71,-2
0,75,185
1,63,120
0,68,150
1,68,130
1,64,115
1,61,110
0,68,156
0,68,149
1,62,112
0,66,130
1,69,130
1,66,155
1,62,130
0,73,150
0,69,145
1,63,115
1,69,115
0,70,165
0,69,150
1,64,-2
1,63,130
0,66,-2
0,71,-2
0,71,165
1,61,115
0,72,215
1,67,130
1,66,-2
1,64,146
1,59,175
1,66,120
1,62,-2
1,61,95
1,60,118
0,67,152
1,56,100
0,72,210
1,62,95
0,65,200
0,67,140
1,63,105
0,70,135
1,62,105
0,59,70
1,67,137
1,66,150
1,63,105
1,63,120
0,75,210
1,63,112
0,72,138
0,74,156
0,71,210
1,68,156
1,68,140
0,74,140
0,72,135
0,71,213
1,64,127
1,63,125
0,74,140
1,68,113
0,66,125
0,65,142
0,73,140
1,61,130
1,64,124
1,62,120
1,63,125
0,72,200
1,64,120
1,64,95
0,71,160
1,64,120
1,62,120
1,60,99
1,64,115
0,73,185
1,62,125
0,71,174
0,69,135
0,69,125
1,61,110
0,72,160
0,71,210
0,66,130
0,69,190
1,64,100
1,68,130
0,70,175
0,68,180
1,64,138
0,68,145
0,71,220
0,72,165
1,66,140
0,72,200
1,66,145
0,69,145
1,64,201
0,70,160
0,70,155
0,67,-2
1,62,135
1,67,140
0,72,150
0,68,155
0,64,135
0,71,145
1,67,127
1,67,140
0,68,180
1,61,118
0,69,162
0,64,140
0,72,185
1,64,145
0,73,183
0,67,168
0,69,180
1,65,135
0,71,160
1,63,185
0,67,140
1,64,160
1,73,187
0,71,173
0,69,135
1,67,133
0,71,150
0,71,130
1,67,-2
0,68,130
0,71,138
0,66,180
1,66,157
0,70,150
0,73,145
0,65,210
1,64,180
0,71,145
1,62,117
0,65,165
1,60,123
0,71,220
1,64,110
0,70,160
1,60,120
0,72,165
0,71,140
0,74,160
0,66,150
0,73,170
0,73,180
0,71,130
1,62,115
0,70,160
0,68,143
1,63,117
1,64,120
0,70,185
1,64,145
0,58,140
1,63,110
1,64,135
0,69,135
0,72,150
0,67,185
1,70,110
1,63,125
1,67,122
1,66,120
0,70,180
0,72,185
0,72,130
0,67,127
0,67,135
0,69,186
1,62,105
1,69,130
0,70,165
1,66,170
1,71,144
0,63,145
1,70,140
0,72,200
1,64,140
1,61,165
1,64,126
0,72,235
0,69,140
0,69,135
0,68,130
1,61,140
0,68,130
0,75,178
1,63,115
0,73,155
0,68,180
0,67,150
1,68,140
0,72,170
1,66,156
0,72,165
0,76,215
1,70,130
1,62,110
0,69,200
0,73,200
0,71,160
0,72,175
0,76,165
0,76,200
1,65,128
1,63,125
1,65,140
1,63,130
0,74,140
1,68,220
1,63,105
1,64,110
1,63,110
1,64,150
1,68,130
1,68,140
0,67,175
1,63,200
0,73,190
0,67,142
1,68,210
0,68,130
1,69,170
1,61,125
0,76,329
1,64,145
1,70,140
1,66,130
1,66,138
1,61,100
0,73,185
1,65,130
0,68,150
0,67,129
1,65,120
1,64,144
0,70,156
0,74,320
0,71,170
0,71,144
1,62,115
1,66,180
1,65,150
0,71,280
0,69,165
1,65,130
0,69,128
0,67,110
0,69,135
1,62,115
1,60,103
1,60,105
0,72,234
0,65,120
0,66,153
1,67,130
0,72,170
0,64,133
0,69,174
0,67,160
1,64,155
1,60,128
1,67,115
0,74,170
0,72,200
1,60,150
0,71,220
0,71,160
0,70,125
1,61,100
1,70,135
0,65,125
0,71,200
0,73,265
1,66,140
1,66,110
1,60,99
1,63,109
1,59,150
1,61,103
0,54,115
1,61,108
1,62,100
1,62,-2
0,67,153
0,70,175
0,70,175
0,66,147
1,63,160
1,63,129
0,77,187
0,71,140
0,70,160
0,65,150
0,72,180
0,68,-2
1,67,160
1,68,135
1,68,130
1,68,111
1,66,140
1,61,95
0,70,150
0,71,159
1,66,180
1,66,125
0,72,160
1,61,98
1,62,157
1,64,188
0,65,180
0,66,127
1,63,110
1,63,116
1,70,131
1,68,105
1,67,123
1,65,114
0,72,165
0,75,190
1,66,135
1,67,170
0,68,170
1,66,125
1,66,150
0,68,155
1,65,135
1,65,145
0,72,180
0,72,150
1,61,112
0,70,140
1,67,135
1,63,118
0,69,140
1,62,125
1,66,135
0,72,175
0,71,160
0,73,195
0,72,166
1,61,115
0,66,115
0,69,165
1,64,115
0,73,176
1,65,125
0,68,165
1,65,103
0,71,135
0,64,-2
1,60,243
0,67,298
1,67,239
0,70,180
0,70,140
1,64,128
1,68,158
1,66,147
0,75,178
1,67,125
1,66,147
0,64,140
0,71,190
0,68,170
0,68,135
0,65,125
0,64,135
1,66,125
0,71,145
1,63,110
1,66,140
0,71,230
1,64,120
0,68,160
1,64,118
1,63,115
1,61,120
1,65,107
1,64,109
1,67,150
1,64,135
1,64,160
1,65,-2
0,71,170
1,64,110
0,63,140
1,63,113
0,70,190
1,58,135
0,69,157
1,67,217
1,65,-2
1,65,-2
0,71,155
0,66,150
1,63,130
1,64,115
0,70,150
0,72,135
1,68,170
0,74,175
1,67,125
0,75,190
0,76,220
1,69,140
0,72,193
1,67,120
1,62,93
0,66,110
0,72,135
1,70,130
1,60,110
1,60,93
1,63,117
1,60,93
1,62,125
1,60,110
0,67,-2
1,66,-2
0,74,220
0,72,135
0,67,122
1,64,135
0,71,170
0,69,250
0,69,250
0,69,162
0,72,255
1,64,165
0,69,150
0,63,125
0,65,125
0,62,120
0,67,138
0,69,136
0,69,160
1,67,220
1,60,120
1,67,145
0,76,120
1,53,97
0,68,160
1,67,110
1,62,103
1,61,108
1,62,100
0,70,210
0,72,155
0,68,130
1,65,145
0,68,130
1,58,96
1,59,115
0,66,125
1,68,220
1,66,130
0,68,140
1,67,115
0,73,200
1,67,135
1,67,135
1,64,200
1,68,240
0,63,140
0,70,140
1,59,105
1,65,135
1,65,95
1,65,130
1,58,140
1,66,136
1,69,137
1,66,115
1,68,200
1,64,120
0,67,180
0,74,155
0,71,250
0,67,145
0,70,160
0,70,180
1,66,135
0,74,160
1,67,130
0,66,155
0,65,210
1,69,140
1,68,130
0,74,180
0,67,165
1,63,130
1,65,125
0,73,170
0,65,135
0,71,165
1,62,117
0,71,160
1,68,117
1,66,115
0,72,145
1,60,120
0,71,143
0,74,175
1,61,127
0,68,157
0,72,150
1,66,117
0,73,165
0,69,-2
0,71,190
0,69,175
0,67,160
1,64,117
0,74,205
0,70,160
0,72,250
1,66,-2
0,72,170
0,71,165
0,72,145
0,63,120
0,71,200
1,64,120
1,63,130
1,62,126
1,63,120
1,68,160
1,67,120
0,73,150
0,71,180
1,68,120
0,72,155
1,68,132
1,66,145
0,70,175
1,69,120
0,75,250
1,72,250
0,78,250
1,63,125
0,65,115
0,65,106
1,66,120
1,67,133
1,67,133
0,70,165
0,73,160
0,69,130
1,52,-2
0,71,160
0,70,145
0,69,175
1,68,138
0,72,164
1,63,150
1,63,130
0,69,130
1,67,121
0,66,200
0,69,150
1,65,185
1,62,110
0,70,160
0,73,155
1,63,126
1,63,127
1,58,150
0,70,190
0,67,138
0,71,205
1,60,136
0,65,126
0,60,115
0,71,152
1,65,128
0,68,165
1,65,110
0,60,105
1,70,190
0,68,200
0,71,160
1,65,100
1,68,160
0,64,145
0,61,115
0,72,145
1,64,120
0,70,220
1,67,121
1,63,108
1,68,150
0,70,210
1,66,115
0,73,190
1,62,110
0,67,125
0,67,160
0,70,168
1,66,145
1,64,140
0,74,180
0,74,145
0,69,250
0,62,150
0,74,120
0,70,200
1,67,140
0,69,167
0,72,190
1,63,135
1,62,110
1,69,130
0,75,210
1,72,170
0,73,155
0,72,120
1,67,100
1,65,120
1,64,130
1,67,180
1,61,120
1,63,105
1,64,124
0,67,135
0,66,180
1,67,210
0,73,167
0,72,160
1,71,170
0,75,250
0,75,170
1,62,140
0,72,200
1,64,132
1,63,120
0,66,125
0,69,145
1,67,135
0,64,121
1,62,107
0,70,160
0,65,125
0,70,150
0,72,195
0,68,140
1,66,-2
0,73,180
1,67,120
0,67,150
0,70,162
0,75,188
1,60,117
0,73,165
0,72,230
1,66,120
1,64,112
0,71,180
1,64,120
0,67,145
0,72,183
0,72,250
0,73,175
1,68,150
0,73,180
0,76,168
0,68,170
1,63,115
0,69,215
1,67,230
0,69,135
1,63,115
0,71,160
1,63,110
1,63,125
1,63,120
0,68,145
0,68,200
1,57,115
0,68,145
1,62,140
0,69,200
0,74,162
1,68,150
0,73,205
0,74,195
0,66,145
1,62,125
1,66,125
0,69,110
1,66,125
1,65,150
0,67,175
1,67,130
1,63,120
1,59,142
0,68,145
0,68,180
0,63,140
1,64,125
0,68,150
0,71,145
0,71,155
1,64,135
1,61,110
1,64,-2
0,69,162
0,73,155
1,62,110
0,72,160
0,73,220
1,64,120
1,66,115
0,73,172
0,70,152
0,68,138
0,62,162
1,64,105
0,68,128
0,68,146
1,71,190
1,67,165
0,66,190
0,68,165
1,70,130
1,67,120
1,68,190
1,66,155
1,64,133
0,66,115
1,65,125
0,70,155
0,75,200
0,67,160
1,67,125
1,66,115
0,71,197
0,69,135
1,67,115
1,65,155
0,74,270
0,63,135
1,62,110
1,65,125
0,75,215
0,70,143
0,72,145
1,64,140
0,71,195
1,70,145
0,70,200
0,65,130
1,63,250
0,71,270
1,63,170
0,80,170
1,69,135
0,72,165
1,64,120
0,67,235
0,71,187
0,70,205
1,62,110
1,65,135
1,64,121
0,70,163
0,72,153
0,69,20
1,67,110
1,63,120
0,74,182
0,66,135
0,71,155
0,67,230
1,72,235
0,72,135
1,64,120
0,72,295
0,68,180
1,64,170
0,58,145
0,66,160
1,67,185
0,73,150
1,66,147
0,69,170
0,69,135
0,68,175
0,64,180
1,67,130
0,68,145
1,67,130
0,71,150
0,70,150
0,77,185
0,69,130
1,60,120
1,61,100
0,70,155
1,60,107
0,71,155
0,71,140
1,70,160
1,69,110
0,69,185
1,67,145
1,63,150
1,66,135
1,73,150
0,69,150
1,63,120
1,62,160
0,64,170
0,68,122
1,66,125
0,73,175
1,63,116
0,68,150
0,67,165
1,64,114
1,65,194
0,69,150
1,71,145
0,69,150
0,71,160
1,66,153
1,68,137
0,73,170
0,67,115
1,62,135
1,67,180
0,70,134
0,72,200
1,67,105
1,62,120
1,59,117
0,69,165
0,68,155
1,66,130
1,66,145
1,65,122
1,64,110
0,67,140
1,65,130
1,63,118
1,67,115
1,64,105
0,70,140
0,72,155
1,61,115
0,69,280
1,68,125
0,73,165
1,62,180
0,72,190
1,66,165
1,65,125
1,67,120
0,72,185
0,64,125
1,71,195
0,70,235
0,71,160
0,73,155
0,70,178
0,74,202
0,68,190
0,72,215
0,72,150
1,72,150
1,68,145
0,68,135
0,66,115
1,70,135
0,72,155
1,67,125
0,70,185
1,64,105
0,68,180
0,68,160
1,67,145
1,63,120
0,68,122
1,64,130
0,72,150
0,74,147
0,70,128
0,74,155
0,72,152
1,62,140
0,71,160
1,65,125
1,64,135
1,66,235
1,66,-2
0,75,175
0,66,145
1,63,130
1,66,135
1,67,140
0,69,140
0,70,155
0,73,160
0,70,140
1,61,110
1,64,115
0,68,130
0,76,165
1,65,125
0,74,180
0,72,218
1,69,147
1,66,160
0,74,182
0,71,186
1,64,-2
1,63,165
1,66,150
1,69,170
1,63,225
1,63,165
1,61,130
0,72,225
1,63,130
0,72,248
0,71,185
1,59,117
0,68,122
0,68,140
1,66,195
1,65,160
0,67,150
0,69,145
0,77,150
0,70,135
0,67,115
1,64,-2
1,64,120
1,68,117
0,73,155
0,67,125
0,66,135
0,74,245
1,65,135
1,67,105
0,74,188
1,64,110
0,70,165
0,74,165
0,77,195
0,71,140
1,65,142
0,71,280
1,64,120
1,62,110
0,71,185
1,62,105
0,69,160
1,63,115
0,72,150
0,68,126
0,72,165
1,67,130
1,62,135
0,71,135
1,60,108
1,83,200
1,59,150
0,73,230
0,69,244
1,63,135
0,71,135
1,68,160
0,70,145
0,68,120
0,68,140
0,70,142
1,66,130
1,66,128
1,65,150
0,71,150
0,70,149
1,67,125
1,63,130
1,62,115
0,70,205
1,65,107
1,62,116
0,63,145
0,69,175
0,69,150
1,65,140
0,71,165
0,68,150
0,72,155
0,70,145
0,70,200
0,62,102
1,63,117
1,65,115
0,67,135
1,62,183
1,66,200
0,72,172
1,68,135
0,71,180
0,70,130
1,69,138
1,65,135
1,62,115
0,71,145
0,71,135
0,71,155
0,70,165
0,70,170
0,72,170
0,68,125
0,67,145
0,69,129
0,68,225
0,69,128
1,66,123
1,68,200
0,67,180
1,64,160
0,70,160
0,63,115
0,72,160
0,71,140
0,71,140
0,66,153
1,63,115
0,74,180
0,71,210
0,64,122
1,63,130
0,62,140
0,67,170
1,61,105
1,65,125
1,66,-2
0,73,210
1,65,135
1,62,115
1,64,127
0,69,170
0,64,125
0,69,165
0,71,135
0,71,151
0,73,185
0,69,160
1,57,85
0,67,140
0,71,179
1,63,117
0,65,150
1,62,113
0,65,143
0,67,135
1,63,135
1,66,130
0,76,215
0,66,175
0,67,200
0,67,140
1,63,140
0,74,230
0,70,141
1,65,120
0,65,120
0,72,192
1,61,143
1,61,124
0,69,195
1,62,120
1,69,160
0,72,160
0,68,145
0,71,205
0,72,185
1,67,155
0,72,225
0,68,160
0,70,150
1,62,145
1,64,150
0,70,135
0,66,130
0,68,150
0,65,140
1,62,128
0,71,158
1,62,100
0,73,148
0,62,109
0,71,155
1,63,120
0,74,183
0,70,140
0,72,164
0,76,150
0,66,141
1,62,140
1,68,180
0,75,218
1,64,115
1,61,111
1,62,130
1,66,150
1,66,124
0,72,240
0,75,170
0,69,170
0,72,135
0,67,145
0,68,125
1,63,105
0,72,140
1,70,135
1,61,110
0,61,153
1,65,160
1,67,190
0,64,101
0,75,175
1,69,135
1,61,100
1,70,145
0,70,196
1,65,107
1,67,130
0,70,160
0,71,185
1,62,-2
0,72,195
1,60,130
1,58,135
0,69,155
1,64,125
0,66,135
0,64,152
0,71,190
0,70,160
1,69,140
0,69,200
1,65,130
0,71,139
1,64,115
0,70,155
0,69,120
0,72,150
0,69,137
0,66,130
0,71,142
0,62,140
0,72,165
1,69,146
0,70,140
1,65,106
0,70,153
0,68,200
0,72,162
0,68,175
0,70,145
1,61,105
0,70,175
0,68,130
0,63,128
1,66,120
1,63,150
1,69,170
0,69,145
0,73,180
0,64,117
1,69,155
0,69,155
0,67,115
1,64,133
1,69,175
1,64,140
0,70,135
1,71,-1
0,66,150
1,65,105
1,66,98
0,66,140
0,67,130
0,75,185
0,70,125
0,67,170
1,62,125
0,69,160
1,60,110
0,68,165
0,74,265
0,73,155
1,63,125
0,70,180
0,68,145
0,71,200
1,64,160
0,72,165
1,66,210
1,60,110
1,66,187
0,71,135
1,66,160
1,62,115
0,75,300
1,63,135
1,64,121
1,63,110
0,70,165
1,65,240
0,69,180
0,71,142
1,65,138
1,63,113
1,64,210
1,63,110
0,76,207
1,59,115
0,75,265
1,62,115
0,76,250
1,62,130
0,62,138
1,62,135
1,63,130
0,70,245
0,74,160
1,68,175
0,71,148
1,69,150
1,66,140
0,69,150
0,66,107
0,72,140
0,70,190
0,74,270
1,64,110
1,64,115
1,62,95
1,60,-2
1,61,123
0,70,265
1,61,115
0,70,130
0,69,160
0,69,178
1,67,128
0,68,165
0,72,150
0,72,135
1,63,125
0,68,130
1,64,131
1,68,190
0,67,138
1,69,149
0,68,170
1,66,127
1,62,130
1,62,115
0,67,140
0,66,165
0,69,180
0,70,170
0,71,160
1,64,126
1,63,130
0,66,130
1,64,150
1,64,125
0,71,180
0,69,158
0,72,194
1,65,180
1,67,170
0,70,190
1,63,140
0,71,200
0,66,125
0,73,140
1,65,170
0,71,170
1,64,139
0,70,170
0,69,130
0,76,235
0,74,160
0,70,145
0,71,180
1,67,145
1,68,140
0,74,230
1,69,184
0,68,140
0,73,165
0,69,135
1,65,130
1,64,124
0,69,218
0,73,250
1,64,160
0,67,145
0,74,165
1,67,133
0,71,145
1,66,195
0,66,100
1,66,187
1,67,140
1,65,117
1,64,120
1,66,110
0,70,165
1,64,110
0,68,180
1,63,118
0,72,280
0,69,145
0,72,150
1,67,125
0,71,150
1,63,125
0,76,180
0,72,195
1,65,136
1,62,125
1,63,105
0,61,90
0,69,150
0,71,170
0,70,135
1,65,130
0,71,290
1,65,140
1,69,135
0,72,137
1,63,120
1,63,98
0,74,155
0,65,140
1,64,132
1,63,145
1,62,180
1,61,100
0,73,175
1,66,132
0,68,126
0,71,135
0,70,130
0,71,165
0,71,170
0,70,140
1,67,-1
1,68,174
1,63,124
0,74,150
0,75,170
0,68,200
0,72,200
1,68,145
0,76,175
0,66,150
1,66,170
0,73,210
1,67,145
0,71,170
0,75,205
0,69,170
0,74,185
1,66,135
0,69,125
1,68,155
1,67,135
1,64,135
0,72,175
0,66,124
0,73,198
1,66,120
1,69,145
0,68,148
0,69,150
0,67,146
0,69,170
0,67,119
1,64,195
1,67,125
1,71,200
1,69,130
0,73,180
1,68,165
1,65,153
1,67,125
0,71,135
1,64,110
0,71,240
0,65,120
1,66,120
0,72,150
0,67,85
1,65,125
0,74,145
0,64,140
1,63,145
1,74,160
1,69,130
1,63,110
1,63,125
0,72,160
1,67,130
0,67,160
0,67,146
0,74,165
1,65,140
1,67,120
0,71,140
0,71,140
1,61,115
0,74,200
1,66,120
1,64,200
1,65,140
0,72,150
1,63,104
1,66,123
0,70,140
0,72,165
0,68,135
1,67,115
1,70,120
1,66,170
0,71,215
0,72,149
1,68,167
1,70,160
1,64,125
1,64,150
0,64,100
0,69,140
0,69,165
1,64,120
0,71,145
0,73,185
0,76,155
0,74,150
0,71,153
0,70,173
1,66,107
1,66,160
0,74,165
0,72,150
0,68,145
0,72,245
1,67,100
0,71,150
1,63,110
1,66,115
1,66,155
0,76,185
0,67,165
1,61,122
0,68,123
0,70,185
0,75,168
0,68,120
1,67,129
1,63,102
0,62,105
1,61,-2
0,74,280
1,68,145
1,61,220
1,70,160
1,61,105
0,69,150
0,64,100
1,65,134
0,71,155
0,72,150
0,68,155
0,73,170
1,66,125
0,67,220
0,62,120
0,74,158
0,68,135
1,67,120
1,67,129
0,68,150
0,76,178
0,76,178
1,64,98
1,64,130
1,60,115
0,74,165
1,66,130
1,68,128
1,69,145
1,66,145
0,70,145
0,71,150
1,63,113
0,67,130
0,68,145
1,64,135
0,71,150
0,69,150
1,67,260
0,68,160
0,67,155
1,64,-2
1,65,105
0,74,215
0,72,138
1,61,128
1,61,120
1,63,108
1,65,140
1,64,150
0,74,170
1,63,165
0,71,180
0,73,220
1,62,120
1,64,120
1,60,105
1,65,140
1,68,220
1,67,150
0,72,250
1,66,160
0,67,170
0,73,150
0,75,210
0,71,180
1,65,120
1,66,145
0,75,288
0,69,130
1,67,145
1,68,130
0,64,115
0,69,240
0,69,170
1,60,115
1,68,160
1,68,127
1,68,130
1,62,150
1,66,140
0,67,120
0,76,168
1,67,185
0,68,175
1,70,-2
1,67,190
0,79,350
1,64,110
1,68,140
1,69,140
0,67,169
1,61,138
1,64,-1
0,72,250
0,68,180
1,66,170
0,71,194
1,69,175
1,62,100
1,63,122
0,68,130
1,63,145
0,67,150
1,70,125
1,71,150
1,62,110
1,68,225
1,65,127
1,64,110
1,60,105
0,68,330
1,63,97
1,62,110
1,64,140
0,71,175
0,68,120
1,63,140
0,74,160
1,65,180
1,67,220
0,70,220
1,70,155
0,69,135
1,61,120
0,71,168
0,63,165
1,61,120
1,62,120
0,75,180
0,68,120
0,70,240
1,67,140
1,62,110
0,71,220
0,72,270
0,76,240
0,71,170
0,71,155
0,65,130
1,60,105
1,62,125
0,69,139
0,66,120
0,66,115
0,70,180
1,62,101
0,72,175
1,64,125
0,72,160
1,68,172
0,63,120
1,63,112
0,66,170
0,68,130
0,69,160
0,71,150
0,74,220
0,68,146
0,72,205
1,63,140
1,58,120
0,70,160
1,62,116
0,69,160
0,70,165
0,67,155
1,64,120
0,71,170
0,66,155
1,63,110
1,61,99
1,65,120
0,70,165
0,69,200
0,72,155
0,70,165
0,68,145
0,70,165
0,74,185
1,69,180
0,64,121
1,66,145
0,75,167
0,72,140
1,61,130
1,65,125
1,64,120
0,70,170
0,66,160
1,64,120
1,62,115
1,61,130
1,62,130
1,63,96
1,67,135
0,72,155
0,71,145
1,62,135
0,68,150
1,60,132
1,62,110
1,64,128
0,74,162
1,68,125
0,72,172
1,64,115
0,69,110
0,71,145
0,72,195
1,66,130
1,64,108
0,68,150
0,64,164
0,72,237
1,64,130
1,64,160
1,69,280
0,67,148
0,70,210
0,64,170
0,71,134
1,63,140
0,72,215
0,70,150
0,67,165
0,72,170
0,69,125
0,74,214
0,70,130
0,73,185
1,68,160
0,67,150
0,72,170
1,67,160
1,67,170
1,65,140
0,66,140
1,63,135
0,72,170
0,73,175
0,70,155
0,73,155
0,74,160
1,68,130
1,63,140
0,69,183
0,70,255
1,70,-2
0,72,160
0,68,125
1,63,110
1,71,200
0,67,120
1,66,150
1,65,135
0,67,135
1,66,118
1,58,103
1,64,106
0,70,185
0,67,120
1,63,135
1,62,115
0,72,170
0,70,170
1,65,120
1,63,190
1,68,140
0,71,190
1,66,145
1,66,120
0,71,150
1,67,155
1,65,125
0,75,185
0,63,118
0,69,175
0,71,180
0,71,315
1,64,125
0,71,135
1,68,108
1,64,135
1,64,120
0,68,135
0,72,150
0,71,167
1,64,140
1,62,140
1,61,130
0,75,285
1,66,145
1,63,135
1,62,115
1,66,170
0,68,127
1,63,300
0,72,160
0,72,162
0,69,210
0,68,128
0,74,200
1,65,130
0,74,185
1,62,125
0,68,120
0,72,130
0,65,130
1,64,-2
1,67,160
0,70,138
0,72,196
1,62,100
1,65,190
0,68,258
1,69,140
0,77,207
0,71,183
0,71,170
0,63,120
1,61,100
1,66,150
0,72,143
1,64,160
0,69,145
1,67,130
1,64,102
1,68,160
0,74,125
0,73,200
0,72,140
0,75,155
0,73,205
1,69,140
0,70,135
0,70,127
1,63,110
0,72,150
0,75,165
1,66,120
1,66,115
0,73,155
0,71,156
0,71,125
0,77,165
1,65,210
0,63,125
0,71,185
0,68,220
0,67,220
0,71,145
0,63,120
1,64,110
0,68,220
0,69,170
1,63,195
0,82,195
0,77,180
0,61,83
0,68,130
1,63,120
1,64,135
1,62,120
1,67,115
0,66,125
0,68,150
1,69,190
0,71,165
0,75,200
1,69,140
1,64,110
0,76,155
0,73,140
0,67,150
0,69,135
1,68,130
0,73,140
0,73,193
0,67,135
1,60,115
0,76,290
0,75,260
0,68,140
1,70,140
0,75,175
0,72,156
1,67,125
0,68,125
1,66,120
0,67,130
1,66,165
0,72,135
1,63,135
1,67,140
1,66,-1
0,73,185
1,60,75
1,60,140
1,68,150
0,74,155
1,68,127
1,63,122
1,68,140
0,74,-2
0,69,175
0,73,186
0,72,165
1,67,155
0,74,150
1,66,125
1,63,130
1,60,107
1,61,140
0,73,175
1,63,118
1,64,115
1,63,125
0,70,170
1,65,145
1,70,145
1,68,155
0,69,135
1,65,120
0,64,110
0,73,150
1,69,185
1,62,118
0,68,180
0,64,120
1,64,145
1,67,155
0,71,225
0,71,190
1,63,140
1,66,142
0,72,230
1,68,172
0,62,130
0,58,130
1,67,160
1,63,125
0,67,165
1,63,112
1,64,108
0,74,185
0,71,160
0,71,155
0,72,140
1,69,155
0,69,150
1,60,100
1,62,146
1,68,200
1,65,175
1,62,135
1,63,120
0,72,135
1,70,135
1,62,109
1,69,130
1,64,125
1,66,135
1,70,145
1,64,130
1,62,135
1,65,125
1,65,135
0,71,135
0,70,150
0,71,180
0,68,135
1,67,170
1,61,118
1,65,120
1,66,180
1,62,120
0,67,135
1,68,103
1,65,130
0,68,170
1,61,135
0,68,150
0,72,200
1,70,210
0,72,220
0,69,130
1,61,110
0,74,202
1,67,150
1,65,120
0,70,150
0,73,185
0,69,135
1,62,100
0,72,170
0,77,260
1,69,130
1,61,135
1,64,130
1,61,135
1,65,130
0,72,130
1,63,106
0,73,140
1,62,115
0,67,110
0,68,200
0,77,190
1,67,145
0,74,265
0,66,170
1,66,140
1,67,130
0,67,225
0,73,160
1,63,115
1,69,145
1,67,195
1,61,140
0,68,160
0,72,155
0,72,165
1,62,105
1,63,230
0,72,180
0,70,132
1,64,115
1,65,140
1,66,141
0,70,200
0,72,220
0,73,175
1,66,110
1,63,110
0,72,161
1,64,132
1,66,137
1,66,135
1,65,190
1,64,140
0,68,200
0,64,145
1,64,130
0,75,165
1,69,145
0,67,145
0,74,150
1,62,120
0,66,180
1,66,130
0,69,210
0,68,136
1,66,129
0,72,200
0,64,230
1,64,200
0,62,195
1,55,126
0,74,149
0,75,240
1,66,175
0,72,182
0,72,202
1,63,125
1,64,135
0,72,122
1,64,116
1,61,96
0,72,160
0,67,125
1,65,130
0,70,143
1,65,140
0,76,250
1,64,125
1,62,170
0,64,138
1,67,135
1,67,145
1,68,130
0,60,90
0,74,200
1,66,116
0,73,260
0,77,280
0,67,220
0,76,220
1,64,120
1,68,130
0,67,125
0,72,150
1,64,108
1,65,130
0,64,256
1,65,143
0,72,156
0,75,203
0,68,160
0,70,165
0,74,140
1,68,100
1,65,120
0,65,137
0,65,122
1,64,132
0,68,135
0,71,135
1,66,155
1,67,130
1,67,130
1,63,92
1,68,115
0,71,120
1,62,128
0,73,185
1,65,125
1,69,145
0,75,200
1,63,181
1,68,130
1,65,95
1,63,115
1,63,105
0,67,150
0,67,195
1,62,130
0,63,180
1,67,160
1,62,130
0,69,230
0,70,174
1,65,119
1,63,96
1,66,140
1,65,123
1,65,169
1,63,180
0,74,190
0,71,175
0,69,125
1,64,115
0,64,175
0,58,76
1,67,123
1,61,118
1,61,120
1,64,136
1,61,146
0,68,140
0,65,110
0,70,150
0,75,155
0,72,135
0,67,116
1,63,140
0,74,255
1,62,96
0,64,102
0,75,150
0,75,155
0,75,170
1,65,108
1,62,120
0,69,140
0,70,185
0,73,185
0,67,155
0,74,180
0,70,130
1,62,100
0,72,155
0,63,140
0,68,142
1,68,145
0,69,120
1,67,210
0,69,165
1,71,185
1,64,105
0,69,131
0,71,130
0,68,145
1,68,125
1,71,198
0,69,120
1,66,110
0,71,150
1,66,143
0,74,170
0,67,145
1,67,120
1,65,140
0,72,155
0,71,160
0,70,160
1,68,175
1,67,170
0,64,135
1,63,130
1,65,145
0,74,175
0,71,120
1,67,125
0,68,145
1,65,165
0,69,185
0,69,139
0,73,147
0,71,155
1,64,130
0,72,250
0,67,145
1,56,160
1,66,130
0,68,147
1,65,126
1,65,130
1,67,115
0,67,165
1,65,125
0,68,181
1,63,120
1,68,130
0,71,175
1,64,140
1,67,135
1,68,-2
1,66,225
0,69,158
0,66,120
1,65,130
1,65,175
1,66,130
0,72,132
0,73,125
0,66,219
0,74,210
0,67,165
1,76,135
0,80,180
1,67,108
0,71,200
1,68,130
1,65,175
0,71,230
1,65,130
0,71,165
0,69,240
0,70,117
0,68,170
0,73,160
1,68,125
1,67,125
0,74,160
0,73,150
0,61,130
1,63,141
0,68,140
0,73,175
0,74,175
0,69,210
0,67,133
0,65,125
0,74,140
1,66,120
1,67,145
1,62,140
1,58,155
1,64,130
0,68,164
1,64,130
0,69,230
1,67,149
0,72,155
1,62,140
1,64,118
0,69,171
1,69,135
0,69,165
1,63,115
0,72,180
0,69,135
1,64,114
1,69,180
1,62,100
1,64,120
1,65,117
1,65,128
0,71,290
1,61,125
1,63,150
0,68,162
0,70,160
1,67,135
0,74,158
1,63,190
1,68,130
0,76,184
0,77,200
1,63,95
1,69,130
1,69,140
1,65,145
1,66,138
0,72,155
0,76,265
1,66,143
0,70,140
0,69,165
1,64,136
0,69,152
0,68,240
1,65,135
1,64,112
0,70,165
0,72,145
1,70,130
0,72,185
1,66,130
1,62,130
0,67,230
0,63,130
1,60,85
1,64,208
0,72,155
1,63,107
0,67,140
0,67,140
1,62,106
0,72,205
0,69,172
0,69,142
1,60,122
0,62,125
0,67,130
0,65,170
0,66,175
0,70,172
0,64,144
1,60,105
0,73,165
0,76,151
0,65,115
0,72,275
0,68,150
1,60,100
1,60,100
0,69,150
0,69,146
0,67,140
1,66,120
0,65,145
1,61,115
0,68,143
0,77,225
1,64,107
0,76,200
0,72,180
0,71,175
1,66,127
1,67,115
0,69,175
1,65,112
1,63,126
0,67,150
0,72,185
0,72,144
0,67,150
1,64,160
1,63,110
0,68,139
1,64,118
0,71,210
0,67,117
1,64,110
0,66,127
1,63,115
1,62,101
0,70,145
0,69,137
0,65,138
1,63,105
1,64,148
1,65,108
0,74,220
0,62,112
1,64,130
1,60,146
1,65,180
0,67,175
0,68,150
1,63,160
1,62,130
1,62,229
0,72,150
1,65,132
0,75,250
0,68,145
0,69,170
1,68,230
1,65,110
0,71,140
1,64,135
1,63,110
0,74,160
0,74,180
0,70,140
0,71,137
1,66,120
1,62,115
0,71,135
0,65,166
1,64,110
1,67,117
1,68,125
1,62,110
1,67,190
0,72,180
1,63,90
1,66,175
0,74,215
1,67,158
1,65,-2
1,69,157
1,68,275
0,71,250
1,63,160
0,67,120
1,66,102
0,67,145
0,69,145
1,64,97
0,72,155
0,71,205
1,69,-2
1,60,101
1,65,110
1,66,110
0,70,-2
0,70,150
0,70,220
1,62,132
0,71,176
0,72,198
1,68,125
1,64,125
1,66,102
0,74,260
1,65,117
1,65,140
0,71,155
1,63,170
0,69,210
1,66,125
0,71,162
0,72,212
1,66,211
0,66,125
1,72,193
0,75,185
0,61,105
0,71,140
0,65,130
0,71,196
0,69,145
1,68,185
0,72,115
0,76,262
1,63,170
0,71,205
1,63,130
1,68,153
0,70,145
0,68,148
1,63,143
0,70,185
1,64,100
0,69,160
0,70,140
1,61,105
0,70,145
0,67,150
1,67,160
1,63,124
1,63,210
1,64,231
1,67,130
1,68,220
1,62,135
0,69,165
0,73,177
1,66,119
0,70,130
1,63,150
0,68,190
1,66,150
1,66,139
0,68,140
0,67,235
0,70,215
1,66,115
1,63,155
0,68,135
0,54,165
1,65,-2
1,66,-2
1,67,124
0,68,175
0,70,140
1,67,141
1,63,130
0,69,125
0,74,197
0,71,185
0,72,160
0,73,205
1,66,124
0,64,140
1,61,128
1,57,130
0,75,185
0,72,150
0,67,156
1,69,195
1,61,160
0,69,165
1,66,165
1,60,175
1,64,101
1,62,130
1,64,120
1,62,156
0,73,175
0,73,170
1,63,105
1,66,145
0,68,150
0,67,125
0,70,145
1,68,260
0,69,170
0,73,190
0,72,200
1,70,145
0,66,120
1,72,170
0,64,140
1,65,123
0,69,165
0,71,145
1,67,150
1,61,128
0,63,132
1,67,135
0,67,135
0,66,125
1,64,130
0,68,120
1,65,105
1,68,135
1,65,112
0,69,185
0,71,170
0,74,155
1,66,135
1,64,115
1,63,135
0,68,115
1,68,-1
0,72,126
1,68,145
1,61,135
1,65,150
0,78,240
1,66,145
0,72,260
1,69,165
1,64,125
0,66,215
1,64,210
0,68,191
1,65,136
1,62,106
1,79,167
1,71,150
1,69,115
0,65,200
1,60,106
1,65,140
1,60,108
1,63,125
1,60,120
0,71,140
1,64,118
0,66,135
1,67,-2
1,62,106
0,72,190
1,63,110
0,72,150
1,63,105
0,74,170
0,72,170
0,75,165
0,72,160
0,65,145
1,64,120
0,74,170
1,64,128
1,66,128
0,71,138
0,69,160
0,69,147
0,70,145
0,71,155
0,70,220
0,71,175
1,66,118
1,67,105
1,60,115
1,66,165
0,66,130
0,71,184
1,69,130
1,73,155
1,68,-1
0,73,145
1,65,125
1,68,129
1,64,125
0,72,140
0,72,182
1,67,140
1,68,120
1,66,130
1,66,-2
0,73,245
0,74,185
1,66,-2
0,73,225
1,64,118
0,68,125
0,69,136
0,68,137
0,69,130
1,62,81
1,65,130
0,70,155
0,69,155
0,68,150
0,68,130
0,70,195
0,68,121
0,68,150
0,76,170
0,76,160
1,70,150
0,71,170
0,69,155
1,64,107
0,75,145
1,67,110
1,66,135
1,64,168
1,67,175
0,70,140
1,69,152
1,64,115
1,65,145
0,66,120
1,66,135
1,64,140
1,63,135
0,64,120
0,69,163
0,72,170
1,64,128
0,72,165
1,68,160
1,62,213
1,65,145
0,71,165
0,70,165
1,66,130
1,63,160
0,71,160
1,68,180
0,70,147
1,67,160
1,65,180
0,67,190
1,64,125
0,63,106
0,71,190
1,63,170
1,63,148
0,75,280
1,68,195
0,71,150
0,66,190
1,62,100
0,70,115
1,60,94
1,65,150
1,65,180
0,72,230
0,71,145
0,70,160
0,72,160
1,66,140
0,66,150
1,64,130
0,71,155
1,65,100
0,67,140
0,73,185
1,64,140
1,61,115
1,61,110
0,72,150
1,67,210
0,66,180
0,69,170
1,63,115
1,64,118
1,62,107
0,72,225
0,72,180
0,71,175
0,70,150
1,67,135
1,62,170
1,65,165
1,62,117
1,63,118
1,63,120
0,69,146
0,66,160
0,74,155
1,69,143
1,65,140
0,71,150
0,73,150
1,61,130
1,66,130
1,64,140
1,65,128
0,74,148
0,74,192
0,72,205
0,72,130
0,75,175
1,64,150
0,66,130
1,65,130
1,63,250
1,67,135
1,64,160
1,66,135
0,72,156
0,66,155
1,62,152
0,69,210
1,64,120
0,66,180
0,66,124
1,63,162
0,69,155
0,71,180
1,63,125
0,72,150
1,69,157
0,75,160
0,76,172
1,68,125
1,61,120
1,62,110
1,62,110
0,70,190
1,67,120
1,62,125
0,70,285
1,64,115
0,83,200
1,69,135
1,64,165
1,68,210
1,65,111
0,70,165
0,73,170
1,66,105
0,71,157
0,71,130
0,73,205
0,69,160
0,69,159
1,69,160
0,74,170
1,60,120
0,72,165
0,70,140
0,62,145
1,69,165
0,72,181
0,65,115
1,61,145
0,73,201
1,64,160
1,68,187
0,67,150
0,72,170
0,69,170
1,64,135
1,65,180
0,80,230
1,63,137
1,70,230
0,73,230
0,66,182
0,70,215
1,65,250
1,65,226
0,68,203
1,69,234
1,64,125
0,72,140
0,72,150
0,75,230
1,62,130
0,67,150
1,68,170
1,62,135
0,68,165
1,65,112
0,70,140
0,69,200
1,63,131
1,67,180
0,70,180
1,66,140
0,71,145
0,66,143
1,65,106
1,66,200
0,66,140
0,68,270
1,63,120
0,67,130
1,62,120
1,63,107
0,67,125
1,63,125
1,61,105
0,68,140
1,63,130
1,63,100
1,67,195
0,69,185
0,67,125
1,68,130
1,71,168
0,65,155
1,61,112
1,64,175
1,60,106
1,63,135
1,67,200
0,74,250
1,62,136
0,69,150
0,67,124
1,69,221
0,69,180
0,76,171
1,68,130
0,71,150
1,64,90
1,62,110
0,68,165
1,62,140
1,64,125
1,64,205
0,70,130
1,65,120
0,69,140
0,63,180
1,61,95
0,67,115
1,66,160
0,69,165
1,62,120
0,74,155
0,65,185
0,74,170
0,66,120
0,75,130
0,68,140
1,62,160
1,64,145
0,65,135
0,68,135
1,64,120
0,69,150
0,66,140
0,75,225
0,74,260
1,66,108
1,63,105
1,65,110
0,68,162
0,67,170
0,73,160
1,70,135
0,75,220
0,67,150
1,65,110
0,66,120
1,69,125
0,73,160
0,72,175
0,74,207
1,64,105
1,61,110
0,73,150
0,74,182
1,62,135
0,72,235
1,62,153
1,64,220
0,69,145
0,66,180
1,60,105
1,67,280
0,67,225
0,67,137
0,65,100
1,63,110
1,61,134
1,65,140
0,74,174
1,61,110
1,61,97
0,68,140
0,67,111
0,68,165
1,62,102
1,61,135
0,73,235
1,64,120
0,73,165
0,68,195
1,65,180
0,69,158
0,65,145
1,65,-2
0,69,196
1,62,98
1,68,127
0,76,190
1,62,108
0,67,120
0,66,140
1,52,118
0,77,220
1,66,130
1,65,130
0,70,148
1,61,106
0,65,150
1,65,180
0,70,185
1,63,105
0,71,145
0,68,105
1,66,135
0,72,175
0,66,120
1,66,150
0,68,175
0,63,100
0,67,130
1,65,160
1,60,120
1,66,120
1,61,100
1,72,115
1,63,190
1,61,105
1,63,110
0,68,135
1,64,115
1,64,108
1,67,160
0,67,145
0,64,118
1,66,125
0,69,150
1,63,110
0,68,195
1,61,102
0,66,115
0,68,135
1,60,120
0,72,295
0,63,150
1,63,110
1,61,150
1,55,189
1,54,148
1,59,95
0,66,110
0,68,165
1,66,117
1,63,125
1,62,115
0,68,150
0,69,140
0,63,130
1,68,106
0,66,140
1,66,125
0,72,145
1,69,137
1,69,120
1,65,118
0,69,143
1,69,128
0,63,140
1,63,120
0,73,150
0,70,128
1,67,265
1,67,170
1,68,150
0,69,194
0,76,155
1,69,165
1,69,135
1,68,180
1,67,115
1,63,140
1,71,172
0,72,170
1,63,128
1,64,98
0,69,160
0,69,148
1,64,118
1,64,115
0,61,100
0,68,180
1,65,130
1,67,117
0,71,140
0,67,150
0,70,160
1,63,115
0,74,155
1,71,140
0,71,128
0,69,120
1,65,120
0,73,140
0,62,155
0,64,115
0,76,215
0,70,210
0,68,179
1,67,150
0,74,155
1,64,160
1,67,128
0,72,160
0,64,170
1,66,115
1,64,150
0,67,135
1,65,150
1,68,140
1,64,115
0,73,240
1,64,130
0,67,135
1,64,120
0,69,155
1,60,110
0,65,125
1,65,117
0,66,130
0,71,145
0,71,224
0,67,140
0,65,173
0,68,200
1,63,115
1,67,135
0,67,180
1,65,-2
0,68,195
0,75,160
1,61,130
0,69,240
1,69,-1
1,64,130
0,67,160
0,68,215
1,62,105
0,74,250
1,64,110
0,73,185
0,75,155
0,68,145
0,71,145
1,64,120
0,67,220
1,67,110
0,65,223
0,68,260
0,69,145
0,69,185
1,66,127
0,74,270
0,70,150
0,70,145
1,68,120
0,67,150
1,64,130
1,61,119
0,66,100
0,71,185
0,67,121
0,69,143
1,66,118
1,64,185
1,67,130
0,71,150
1,67,130
0,68,130
1,65,125
0,71,130
1,66,135
0,78,200
1,62,104
1,68,110
0,67,145
0,74,180
0,65,110
0,72,185
0,65,165
1,63,115
1,67,130
1,62,155
0,73,185
1,68,120
1,69,125
0,69,170
1,69,135
1,67,140
1,60,135
1,64,105
1,63,107
1,68,132
0,71,172
1,64,124
0,68,125
1,67,105
1,68,114
0,70,190
0,68,150
0,67,150
0,67,130
1,61,115
0,68,130
0,68,148
1,67,123
1,71,160
0,70,170
1,61,105
0,65,120
1,65,110
1,60,95
0,67,112
0,71,170
0,71,145
1,65,110
0,68,145
1,65,215
0,77,200
0,72,150
1,69,120
1,67,150
1,60,140
0,67,145
1,62,105
1,64,120
1,69,135
0,73,195
0,70,250
1,65,130
0,71,145
1,69,150
1,61,165
0,72,163
1,67,140
1,63,155
1,60,115
0,70,185
0,72,165
0,70,175
0,69,165
1,66,128
1,64,130
1,65,127
1,61,120
0,73,310
0,73,250
0,69,150
1,71,180
1,63,120
0,76,180
1,71,160
0,67,180
0,73,150
1,63,145
1,62,123
1,59,97
0,71,150
0,69,155
0,68,140
0,71,130
0,71,180
0,72,170
0,70,150
0,68,145
0,66,110
0,72,150
0,69,152
1,62,127
1,63,125
1,69,124
1,65,130
1,62,150
0,71,155
0,74,190
1,64,-2
1,67,135
1,66,125
1,62,165
0,69,237
0,68,165
1,65,125
0,69,165
1,62,130
0,67,130
0,68,135
1,62,117
0,67,154
0,72,140
1,60,135
1,62,172
1,65,125
1,64,130
1,60,180
1,65,140
1,68,145
1,62,120
0,67,140
0,74,290
0,69,151
0,77,190
1,66,135
1,64,140
1,63,155
1,64,140
1,66,160
1,62,112
1,59,120
0,70,160
0,69,180
0,71,210
1,64,140
1,61,105
1,62,119
1,65,145
1,62,130
1,67,150
0,66,200
0,69,135
0,69,280
1,64,115
1,69,220
1,66,280
1,69,140
0,72,230
0,67,165
1,64,140
0,65,130
0,69,132
1,68,125
1,62,158
1,66,115
1,64,125
1,66,127
1,68,170
1,66,175
1,66,225
0,74,160
1,71,140
1,67,198
0,72,157
1,68,120
1,70,130
1,65,125
0,70,125
1,66,112
1,64,225
0,69,135
0,66,210
0,68,145
0,77,170
1,69,140
1,66,140
0,71,170
1,64,140
1,60,107
0,69,167
0,72,130
0,72,210
0,66,186
1,56,150
1,63,100
0,72,250
0,70,138
0,75,186
0,72,200
1,67,125
1,63,118
1,64,115
0,72,145
1,65,125
0,72,145
0,69,156
0,69,165
0,67,155
1,65,165
1,63,117
1,66,135
1,62,110
1,64,236
0,72,235
1,67,180
0,67,115
1,63,130
1,59,97
1,62,135
0,62,110
0,67,220
0,70,169
1,65,160
1,64,170
1,69,165
1,63,135
0,72,175
0,69,172
1,65,120
0,74,220
1,65,125
0,71,150
1,65,-2
1,72,140
1,62,200
0,63,115
0,65,168
0,65,130
1,68,165
1,66,125
0,74,225
1,65,140
0,69,160
1,62,123
1,72,128
0,70,195
0,70,150
1,66,125
1,69,150
0,74,240
0,70,140
1,60,130
1,61,110
0,66,140
0,68,150
0,70,140
0,69,145
1,63,128
1,62,126
0,72,130
1,62,121
0,73,185
0,72,165
1,60,142
1,62,105
0,68,125
0,72,230
0,71,147
0,73,145
1,65,100
0,62,110
0,71,145
1,65,120
1,65,130
0,66,140
0,64,148
1,69,150
1,62,100
1,65,-2
0,69,180
0,67,180
1,62,115
0,68,167
0,70,135
0,71,240
1,62,170
0,71,190
1,68,135
0,65,113
1,59,106
1,64,113
1,64,125
1,64,113
1,66,105
1,65,115
1,61,150
0,74,195
1,63,193
0,70,180
0,70,130
1,67,145
0,71,182
1,64,125
1,62,180
0,71,153
0,74,185
1,60,-2
0,65,158
1,62,140
0,65,155
1,64,160
1,61,106
1,63,130
1,65,145
1,65,117
1,67,160
1,66,120
1,65,120
0,76,165
0,75,210
1,64,240
0,69,220
0,73,240
0,71,165
0,67,150
0,72,150
1,64,132
0,69,190
1,64,-2
0,63,145
0,69,145
1,64,130
1,62,106
0,69,150
1,70,260
0,69,210
1,66,140
1,64,123
1,61,130
0,71,195
0,69,157
0,71,155
0,69,130
0,64,140
0,71,175
0,71,200
0,70,202
1,65,150
0,68,200
1,66,170
0,67,140
0,67,170
0,66,130
0,73,165
0,72,200
1,64,135
1,71,140
0,70,145
0,74,115
0,71,135
0,70,160
1,66,240
0,66,120
1,66,110
0,74,340
0,72,150
1,62,96
1,69,145
0,67,145
0,68,118
1,66,140
0,70,165
0,71,145
0,67,196
1,63,128
0,69,160
0,70,165
1,65,106
0,69,150
0,73,185
1,68,220
1,63,105
0,72,213
1,62,125
1,69,176
1,63,150
1,64,154
1,65,110
1,66,200
0,72,137
1,64,110
1,66,130
1,65,120
1,69,180
0,67,135
0,68,140
0,71,155
1,64,91
1,64,105
0,68,150
1,66,240
0,68,135
1,62,135
0,69,120
1,70,130
0,71,152
0,72,165
1,61,169
0,69,138
0,74,190
1,65,180
0,64,125
1,64,130
1,64,110
0,72,170
1,63,120
1,66,110
1,68,145
1,67,124
0,72,155
1,67,161
1,62,122
0,69,135
1,69,127
0,71,170
1,63,109
0,66,185
1,63,128
0,71,149
1,70,145
1,66,138
1,67,150
0,71,140
1,66,125
0,71,203
0,71,180
0,66,145
1,62,150
1,63,110
1,70,200
1,64,165
0,73,210
1,66,115
1,63,105
0,70,187
1,64,130
1,66,130
0,68,115
1,67,140
0,74,160
0,72,150
0,69,210
0,71,185
1,66,135
0,69,130
1,66,130
0,66,168
0,72,210
0,72,200
1,61,103
1,67,124
0,66,125
0,73,145
1,66,115
0,71,204
0,75,205
1,62,98
1,65,110
0,69,250
1,63,130
0,72,170
0,71,140
1,65,150
0,75,240
1,67,135
0,72,160
0,70,135
1,66,115
0,66,190
0,71,164
0,58,205
0,67,205
0,71,162
0,71,160
1,67,-2
1,70,175
0,75,160
0,71,23
1,64,130
1,66,120
1,66,130
0,68,175
1,63,128
0,70,180
0,68,165
1,63,125
1,65,170
1,64,130
0,68,200
1,61,107
0,69,180
1,66,140
1,63,110
0,68,135
1,64,100
1,64,107
1,63,140
1,61,110
1,65,210
0,68,150
1,64,150
0,63,150
0,74,160
1,64,147
0,74,150
0,73,195
0,72,225
0,69,140
0,70,165
0,73,182
1,67,150
0,69,160
1,65,110
1,61,200
0,75,215
1,63,125
0,67,200
0,72,205
0,72,203
1,64,110
1,67,225
0,72,180
1,61,100
1,66,125
1,66,130
0,71,175
0,70,175
0,72,180
0,74,180
0,68,165
1,70,130
1,67,140
0,70,160
1,66,110
1,63,124
0,72,150
1,65,101
0,68,205
0,71,130
1,66,120
0,74,150
0,72,200
1,67,135
0,68,150
1,64,135
0,68,215
1,68,128
0,76,197
0,69,140
0,71,160
1,65,128
0,68,135
1,68,200
0,68,170
0,76,175
1,67,130
0,69,150
0,74,175
0,71,160
1,70,130
0,67,120
1,66,120
0,73,185
1,66,135
0,74,155
1,66,120
1,62,105
1,64,210
0,70,155
1,61,110
0,71,260
0,71,165
1,63,113
0,73,230
0,67,120
1,67,145
1,67,140
1,68,136
0,70,155
1,66,120
1,68,147
0,72,160
1,67,135
1,67,110
1,70,180
1,71,155
1,69,170
0,72,210
1,60,117
0,68,165
0,72,160
1,62,130
1,67,130
1,68,115
1,68,180
1,65,101
1,64,123
1,62,100
0,73,157
1,62,150
0,70,210
1,66,118
0,71,160
0,68,180
1,62,121
1,63,130
1,60,136
0,67,110
1,69,130
0,70,145
1,65,123
0,78,220
0,73,187
0,70,150
1,65,130
0,64,130
1,64,128
1,62,132
0,70,200
1,68,175
0,70,260
1,64,145
1,57,105
0,72,200
0,73,195
1,63,120
1,65,135
0,67,130
1,63,125
0,70,160
1,68,235
1,62,104
1,63,120
0,72,155
0,71,140
0,69,155
1,61,105
0,69,207
0,70,165
0,68,125
1,61,125
0,71,165
1,64,121
0,69,130
1,67,120
1,64,125
0,68,160
0,78,215
0,76,185
1,71,160
0,74,255
1,65,150
1,62,110
1,64,165
0,64,140
1,70,150
0,72,160
1,65,130
1,63,135
0,69,135
1,66,140
1,68,120
0,74,235
1,67,148
0,76,150
0,74,185
0,67,135
1,64,110
1,64,140
0,68,165
0,74,176
0,70,160
1,63,105
0,69,130
0,68,195
0,66,135
1,68,135
1,62,118
0,68,145
1,63,150
1,65,130
1,65,120
1,65,125
1,68,129
1,60,120
1,67,120
1,68,135
0,73,175
1,65,120
1,63,156
1,64,95
0,72,182
1,68,120
0,69,148
0,66,180
1,66,114
1,67,150
0,70,160
0,70,205
0,72,172
1,60,106
0,71,165
1,67,115
1,67,148
1,62,150
1,66,125
0,70,135
0,74,145
1,64,119
0,67,152
1,64,90
0,75,172
1,55,102
0,72,217
0,68,200
0,74,150
1,70,150
1,67,145
0,70,150
0,70,135
1,60,117
0,66,120
1,66,240
0,64,150
1,62,130
1,67,165
0,71,150
1,70,120
0,74,147
0,67,140
0,66,160
0,65,125
0,72,170
0,70,140
0,71,147
0,71,162
0,74,205
0,70,165
1,70,135
1,62,98
0,67,135
1,63,140
0,68,153
0,69,185
0,60,120
1,64,110
1,67,112
0,68,167
1,64,120
0,67,135
0,70,145
1,67,210
0,69,135
0,69,135
0,65,130
0,70,218
0,70,130
1,64,-2
0,70,172
0,68,125
1,65,120
1,65,158
0,69,185
0,64,143
0,70,150
1,69,150
1,64,126
1,66,105
1,62,115
1,66,145
0,70,160
1,62,110
0,72,150
1,67,150
0,72,170
0,70,170
1,65,130
1,66,135
1,65,92
0,70,155
1,64,125
1,59,95
1,75,240
1,68,186
1,68,130
0,70,165
0,73,185
0,69,155
0,64,126
1,66,130
1,64,170
1,63,105
1,71,117
1,64,105
0,69,170
1,65,135
0,70,145
1,65,135
1,63,140
0,70,155
1,63,93
1,67,115
0,68,160
1,61,100
1,65,199
0,70,175
0,67,160
0,67,125
0,73,222
1,64,120
0,67,125
1,62,104
0,68,130
0,68,150
0,71,145
0,70,160
0,65,130
0,71,150
0,69,140
0,71,160
0,63,101
0,67,145
1,60,120
0,69,150
1,64,106
0,73,220
1,65,155
0,71,155
0,69,160
1,69,190
1,67,190
0,77,185
1,64,97
0,71,140
1,70,160
1,61,125
0,66,160
0,67,150
1,68,122
0,66,157
0,64,140
1,62,125
0,72,170
1,66,230
1,62,126
1,66,130
1,63,115
1,65,160
0,69,250
1,61,-1
1,65,112
0,71,145
1,68,120
1,67,106
1,67,130
1,68,145
1,63,102
0,71,130
1,63,125
0,71,200
0,68,130
0,71,255
0,67,150
1,63,145
1,68,110
0,73,220
0,73,165
1,61,150
0,70,148
1,66,135
1,66,140
0,71,195
1,63,135
0,64,99
0,72,155
1,64,180
0,73,165
1,65,142
1,63,115
1,62,105
1,65,155
1,69,125
1,67,125
0,75,200
0,65,125
0,66,132
0,74,180
1,66,130
1,66,138
0,69,138
0,69,204
0,72,140
0,74,200
0,72,120
0,75,285
0,63,120
0,73,260
0,72,212
0,68,128
0,67,165
1,63,250
1,68,160
0,73,180
1,65,124
1,63,135
0,72,145
0,75,200
1,71,155
1,61,131
0,70,140
0,69,200
0,70,140
0,70,150
1,64,150
0,75,160
0,68,115
1,67,120
1,67,145
0,71,140
0,68,130
0,80,215
1,66,135
0,66,160
0,66,135
1,70,150
0,74,160
0,74,160
0,69,167
0,69,180
0,78,190
0,72,145
1,63,112
1,60,126
0,71,155
1,65,117
1,64,150
1,66,170
1,64,125
0,72,260
1,63,115
0,76,150
0,72,303
1,60,110
1,67,175
1,61,143
1,69,145
0,69,140
1,62,125
1,65,155
0,71,135
1,66,130
0,71,240
1,65,105
0,74,190
0,66,130
1,63,145
1,61,135
1,66,150
0,72,220
1,67,132
0,71,180
1,63,185
0,69,145
0,71,220
0,71,217
1,62,165
0,74,265
0,76,315
1,63,120
0,66,132
0,71,152
0,74,145
1,63,151
0,73,235
1,61,173
0,67,155
0,69,180
1,61,105
0,71,135
1,66,126
0,72,195
1,68,137
0,69,148
0,72,174
1,67,160
0,67,140
1,63,-1
1,65,138
0,69,180
1,62,200
1,63,120
1,65,-2
1,64,115
1,66,195
1,66,132
1,61,115
0,68,148
0,70,215
1,62,157
0,68,205
0,85,320
0,63,150
1,66,175
1,60,100
1,62,195
0,73,295
1,63,117
1,64,128
0,73,217
0,70,165
1,64,125
1,65,140
0,73,215
1,64,135
1,64,115
1,68,118
1,62,126
1,67,155
1,67,210
0,66,130
0,70,180
0,65,110
1,62,132
0,71,130
1,67,125
1,66,156
0,76,230
0,70,165
1,66,203
0,67,155
1,69,135
1,66,165
1,69,155
1,70,131
0,68,165
1,63,110
0,71,240
0,68,145
0,69,189
1,69,160
0,67,150
1,69,140
0,71,185
0,70,185
1,64,116
0,73,150
1,68,127
0,72,120
1,66,155
1,66,160
1,62,183
1,60,102
1,65,132
0,75,166
1,63,150
0,70,125
1,58,76
1,68,140
0,70,200
0,71,160
1,62,130
1,62,123
0,70,146
1,67,170
0,71,186
0,73,197
1,63,-2
0,72,161
1,68,130
0,68,130
0,69,140
1,67,125
1,69,130
1,64,146
1,68,135
0,66,145
1,63,152
1,61,98
1,64,117
0,73,175
1,67,130
0,73,290
0,75,280
1,66,115
1,64,220
1,68,120
1,66,120
0,69,220
1,64,150
0,67,118
0,70,160
1,65,120
0,73,160
1,67,110
1,61,105
0,74,210
0,74,220
0,74,210
1,57,115
1,64,130
0,71,160
1,69,-2
0,68,140
0,67,140
1,65,130
1,63,130
1,59,90
1,67,185
0,70,165
0,71,205
0,70,140
1,63,250
0,71,230
0,70,230
1,62,125
0,70,145
0,73,150
1,61,106
1,62,115
0,71,200
0,68,135
1,63,120
0,72,155
0,69,148
0,69,130
1,69,150
1,65,-2
1,66,117
1,50,120
0,69,158
1,66,120
0,67,150
1,62,120
0,66,145
1,64,210
1,66,130
0,65,140
1,59,130
0,65,135
0,65,126
1,62,103
0,72,130
0,67,144
1,67,200
0,68,170
1,65,135
0,72,250
1,61,160
1,58,107
0,69,160
0,71,250
0,76,170
1,63,120
0,67,140
0,73,260
0,73,165
1,62,135
1,65,140
0,66,155
1,63,125
1,68,125
1,69,150
0,76,225
1,61,97
0,66,140
0,71,130
0,72,142
1,63,216
1,72,256
0,77,186
1,65,130
1,68,160
0,69,195
1,65,238
0,68,150
0,67,145
0,68,140
1,70,173
1,66,100
1,66,160
1,71,173
0,71,195
1,65,107
0,71,160
0,67,145
1,66,168
0,72,170
1,69,127
1,69,200
0,72,165
1,65,130
0,69,127
0,69,145
1,64,115
1,65,116
0,66,225
0,70,180
1,63,125
1,60,110
1,62,130
0,72,162
0,70,145
0,70,160
0,67,140
1,67,250
0,67,140
1,67,225
1,66,175
1,70,165
1,66,168
0,72,132
1,66,105
1,67,140
1,64,165
0,67,135
0,66,190
1,68,130
1,67,215
1,69,135
0,78,223
0,71,130
0,73,170
0,66,195
1,65,115
1,68,120
0,62,170
1,64,170
0,71,180
1,61,95
0,72,130
1,69,140
1,63,135
1,62,150
1,62,120
1,68,145
0,69,165
0,72,145
1,64,130
1,66,133
1,64,130
1,61,110
1,66,180
1,67,180
1,62,115
1,63,216
1,62,115
0,69,180
1,67,190
0,68,125
1,60,95
1,66,125
0,69,165
1,66,97
1,63,200
1,63,145
0,72,180
1,59,125
0,72,190
0,71,161
0,72,175
1,67,140
1,64,96
1,63,114
1,67,127
0,73,200
1,67,130
1,64,125
1,65,180
1,66,145
0,75,196
1,66,143
0,74,160
0,67,150
0,71,175
0,73,145
0,75,240
1,64,95
0,74,155
1,66,111
1,65,110
1,64,160
0,74,227
0,74,155
1,63,110
1,64,160
0,67,200
1,66,145
1,63,120
1,64,150
0,69,160
0,73,276
1,65,134
1,61,132
1,64,120
1,64,170
1,69,190
0,72,181
0,78,200
1,62,130
0,64,180
1,65,185
0,73,205
0,68,152
0,67,150
1,66,190
0,68,175
1,64,160
1,59,130
0,66,160
1,62,195
0,72,215
0,68,142
0,70,153
0,72,150
1,64,195
1,66,150
1,60,105
0,74,150
0,71,140
1,60,115
1,64,120
1,65,125
1,65,110
1,64,120
0,67,155
1,68,125
1,63,112
1,67,120
1,60,95
0,70,175
0,66,180
0,70,160
1,64,125
0,67,145
1,66,135
1,62,215
0,73,163
0,68,140
1,65,210
1,66,130
1,67,143
0,64,125
1,58,-2
0,72,176
0,77,150
0,69,160
0,70,156
0,69,130
0,69,150
0,66,120
0,66,245
1,64,117
1,69,275
1,62,127
1,66,201
0,72,120
1,62,99
0,67,148
1,66,105
1,65,194
1,68,160
0,72,160
1,65,220
0,76,253
0,73,220
1,65,145
0,72,135
0,66,130
0,73,170
0,73,200
0,71,180
1,66,135
1,65,135
1,66,115
1,63,103
1,62,104
0,73,260
0,71,150
0,69,135
0,69,133
0,69,130
1,66,130
1,67,125
0,69,144
1,71,150
1,69,160
0,72,170
0,71,270
1,57,135
0,71,165
1,66,-2
0,70,175
1,68,199
1,62,103
1,65,145
1,61,107
0,66,155
0,69,175
0,71,290
0,66,120
1,65,160
0,69,235
1,64,116
0,73,190
1,64,-2
0,68,125
0,67,145
0,65,110
1,58,110
0,71,140
0,72,245
0,70,210
1,64,125
1,67,108
0,70,125
1,64,120
1,66,130
1,61,90
0,63,133
0,60,105
0,73,170
1,61,127
1,63,162
0,69,166
0,71,140
1,67,124
1,67,128
1,69,260
0,66,130
0,62,105
0,68,300
0,72,140
1,64,155
0,71,170
0,70,215
1,64,210
0,73,125
1,61,105
0,69,130
1,64,180
1,63,130
0,69,135
1,68,205
0,72,215
1,68,200
0,71,155
1,66,125
0,71,175
0,66,130
0,70,155
0,68,205
1,64,180
0,68,130
1,63,150
0,71,185
1,65,117
1,68,135
0,67,130
0,68,-2
0,69,155
1,67,124
0,72,220
0,72,125
1,62,130
1,57,130
1,70,147
1,66,150
1,62,125
1,67,145
1,66,190
0,68,155
1,63,110
0,71,170
1,65,119
1,66,150
0,67,155
1,64,110
0,69,115
1,65,140
0,72,185
0,71,130
1,67,125
1,64,110
1,64,190
0,68,148
1,67,165
1,63,125
1,60,-2
0,65,123
1,68,115
0,74,165
1,65,110
1,70,126
1,66,198
1,66,175
1,66,145
1,65,98
1,66,130
0,71,155
1,69,135
1,64,100
1,71,142
0,73,145
0,66,140
0,70,195
0,70,140
1,67,200
0,74,160
1,65,155
1,66,-1
1,64,130
0,75,173
0,69,210
0,72,160
1,64,172
0,69,140
0,62,120
1,63,98
1,56,98
1,59,115
0,68,156
1,66,110
1,67,130
1,64,120
0,75,200
0,71,155
0,73,175
0,68,126
1,62,120
1,63,240
0,65,115
1,63,140
1,67,135
0,73,140
0,69,162
0,69,132
0,72,150
1,65,119
0,71,145
0,62,125
0,73,189
1,66,134
0,70,225
0,75,240
0,70,265
1,67,145
1,63,165
1,64,105
1,65,150
0,69,138
0,66,185
0,70,155
1,65,210
1,73,-1
0,70,160
1,64,122
0,74,185
0,71,190
0,72,200
1,65,113
0,71,165
1,65,125
1,64,125
1,66,130
1,66,125
0,66,150
1,63,120
0,65,135
0,70,130
1,65,140
0,75,175
0,70,141
0,72,135
0,68,120
1,65,107
0,69,180
0,68,155
1,64,130
1,65,113
1,64,105
0,72,165
1,66,120
0,70,130
0,67,128
1,60,109
1,63,125
0,67,135
1,62,119
1,68,155
1,62,120
1,64,130
0,68,140
0,73,165
0,61,135
1,68,155
0,70,201
1,64,135
1,67,135
1,63,145
1,58,128
0,67,210
0,64,180
0,63,200
1,67,195
0,68,150
1,65,120
1,62,110
1,70,135
0,71,-2
0,68,150
1,66,105
1,63,120
0,67,125
0,63,140
0,69,140
1,66,125
1,64,190
0,60,100
0,69,135
1,67,180
1,67,128
1,62,120
0,70,185
1,66,125
0,71,165
1,62,115
0,67,130
1,67,125
1,67,135
0,74,160
1,67,115
0,75,172
0,71,215
0,67,120
1,67,135
0,72,145
0,62,117
1,70,200
1,69,140
0,75,185
0,70,167
0,68,140
0,68,135
1,64,150
1,68,166
1,66,110
0,72,160
0,67,135
1,70,140
0,72,180
1,65,110
1,62,125
0,67,140
1,68,137
0,71,150
1,66,140
0,73,208
0,74,135
0,72,160
1,71,190
1,64,115
0,73,233
0,74,200
1,69,140
0,63,95
0,71,150
1,67,130
1,66,128
1,66,162
1,62,115
0,68,174
0,71,150
0,75,176
0,71,165
1,68,186
0,68,160
1,66,140
1,66,100
1,64,135
1,64,120
0,66,160
1,62,120
1,66,140
1,61,125
1,66,115
1,67,135
0,71,130
1,70,160
1,67,190
1,66,140
0,73,235
1,62,99
0,70,150
0,72,200
0,68,125
1,63,110
0,67,125
0,71,129
0,66,150
1,60,95
0,64,145
0,74,204
0,67,135
1,62,170
1,68,185
0,70,170
0,67,200
0,66,135
1,68,160
1,66,125
1,67,120
0,68,150
0,70,140
0,74,145
0,72,185
1,63,-2
1,68,165
0,77,170
0,72,185
0,72,170
0,71,195
1,69,150
1,63,125
0,67,200
0,66,120
0,66,145
1,63,115
1,67,190
1,69,-2
1,62,110
1,64,115
0,69,150
1,63,120
0,72,140
1,64,116
1,62,110
1,65,150
1,63,105
0,73,171
1,66,110
0,73,220
0,66,130
0,72,165
0,72,210
1,66,240
1,67,155
0,75,225
0,69,145
1,65,107
0,67,125
0,71,168
0,66,103
1,63,160
0,65,185
1,69,150
1,66,120
1,64,110
0,68,155
0,74,165
0,70,190
0,70,195
1,61,120
1,60,115
1,64,115
0,71,145
0,68,140
0,69,160
0,68,126
1,66,155
0,69,130
1,61,95
0,72,200
1,71,140
1,64,182
1,67,120
0,63,125
0,69,160
1,64,110
1,61,105
1,67,135
0,66,160
1,66,125
0,70,220
0,72,175
0,72,170
1,64,107
1,65,101
1,67,150
0,70,170
0,80,165
1,69,175
0,69,140
1,58,-2
1,72,145
1,65,150
1,68,178
1,74,145
0,71,145
0,67,130
0,70,145
0,67,130
1,60,105
1,66,137
1,64,155
1,64,116
0,74,175
0,73,185
0,66,125
0,73,170
1,61,120
0,72,190
1,66,130
1,64,133
0,68,140
1,60,118
0,73,145
1,60,106
1,64,128
1,62,104
1,66,120
0,75,190
1,69,250
1,67,120
1,69,165
1,68,145
0,66,170
1,66,140
1,59,108
0,68,157
0,73,180
1,62,104
0,67,125
0,69,147
0,67,160
0,74,210
0,72,180
1,65,127
1,62,100
0,70,145
0,71,160
0,68,130
1,60,130
1,67,128
1,70,130
0,71,225
1,60,110
0,69,185
1,67,145
1,67,150
1,69,124
0,70,200
0,70,135
0,71,160
0,74,183
0,72,190
0,72,175
1,63,125
0,69,145
1,64,110
1,63,165
0,73,175
0,67,120
1,56,105
0,70,225
1,63,-2
1,65,165
1,67,115
0,67,110
0,61,125
0,77,200
1,62,105
1,66,207
0,69,192
0,70,200
0,74,185
1,64,180
1,64,126
1,64,115
1,66,120
0,65,125
1,63,93
0,71,105
1,57,100
1,61,143
1,66,170
1,63,105
1,62,140
1,61,105
0,66,144
0,62,125
0,69,203
1,65,120
1,62,110
1,61,105
0,72,250
1,62,-2
0,68,153
1,61,110
0,71,135
0,68,120
0,70,180
0,67,170
0,73,174
0,68,210
0,67,175
0,66,175
0,62,135
1,62,120
1,68,140
1,68,151
1,63,135
0,69,170
0,67,150
0,70,157
0,62,150
0,69,185
1,66,-2
0,66,130
1,69,155
1,64,111
1,66,130
1,66,160
0,68,225
1,64,120
1,60,100
1,62,115
0,67,120
1,66,155
0,68,162
1,60,108
1,61,115
0,73,145
0,71,180
0,65,156
0,63,101
0,66,141
1,65,207
1,60,-2
0,62,145
1,61,114
1,61,169
1,63,140
1,59,145
1,62,153
0,67,150
0,66,135
0,62,110
1,60,95
1,64,113
0,70,180
1,62,135
0,67,185
1,58,111
1,66,115
0,68,160
0,67,140
0,69,145
1,63,113
0,73,167
0,66,152
0,68,130
0,61,125
1,64,135
0,68,150
0,69,175
0,68,230
1,65,140
0,70,160
0,71,156
0,71,140
0,77,195
1,67,130
1,65,130
1,65,240
0,70,143
1,60,101
0,68,140
0,66,180
0,68,130
1,63,200
0,64,110
0,71,220
1,66,128
0,67,145
0,66,175
0,72,203
0,71,175
0,73,190
1,66,150
1,61,125
0,63,140
0,65,230
0,71,250
1,62,138
1,62,120
0,63,120
1,61,123
0,74,215
1,55,115
0,72,155
0,64,128
1,65,117
1,65,170
0,69,181
0,74,210
0,69,140
1,61,160
0,66,130
0,62,11
1,67,125
1,63,107
0,76,130
0,70,200
0,70,180
1,62,175
1,62,112
0,72,188
0,69,150
0,72,170
1,64,131
0,65,120
0,67,160
0,71,135
0,71,160
1,62,122
0,67,130
1,61,107
1,62,115
1,66,175
1,66,106
1,66,125
1,66,140
1,67,140
0,68,148
1,63,127
1,66,118
0,69,128
0,73,225
1,67,125
0,64,130
0,71,155
1,61,98
0,66,190
1,64,145
1,63,90
0,69,130
0,67,120
1,66,-2
0,68,140
1,59,103
0,66,125
0,70,140
1,60,158
1,60,102
1,63,113
1,62,113
0,67,123
0,68,185
0,69,190
1,66,160
1,66,132
0,68,165
0,66,230
1,65,220
1,66,210
0,65,232
1,62,125
0,65,130
0,63,145
1,64,170
0,65,125
1,62,140
1,63,125
1,60,160
0,68,220
0,68,145
1,65,150
0,68,146
1,68,175
0,71,170
1,67,175
0,73,240
1,64,140
0,72,220
1,60,100
1,63,150
1,67,143
1,64,143
1,66,170
0,71,150
1,63,115
0,70,165
1,67,180
0,65,143
1,59,120
1,62,135
0,71,200
1,62,102
1,58,135
1,64,116
0,67,145
1,58,107
0,67,310
0,67,160
0,69,170
1,62,98
0,70,190
1,66,140
1,61,102
0,69,169
1,60,124
1,59,110
0,74,160
0,71,170
0,71,190
1,61,107
0,67,145
0,68,195
0,65,140
0,73,190
0,72,195
0,74,200
1,63,165
0,69,135
1,57,79
1,61,105
0,71,130
1,65,250
0,68,205
1,62,141
0,68,143
0,71,170
0,68,225
0,71,283
0,69,120
1,65,125
0,74,158
1,68,140
0,67,166
1,72,-2
0,73,158
0,74,169
0,72,157
0,67,150
1,61,140
0,66,135
0,72,215
0,71,165
0,71,175
1,70,190
1,66,140
1,65,140
1,66,134
1,62,140
0,66,135
0,67,132
0,72,182
1,64,137
1,62,115
1,68,250
0,75,185
1,63,107
0,75,255
1,66,126
1,63,150
1,65,117
1,62,117
0,74,250
1,68,153
0,67,130
1,69,165
1,63,130
0,67,155
1,60,129
1,67,145
1,62,200
0,75,185
0,64,145
0,72,150
1,63,170
1,62,145
0,62,155
1,62,122
1,63,185
1,65,151
1,60,130
1,65,128
0,65,130
1,66,135
1,64,220
0,64,80
0,65,120
0,71,210
0,72,190
1,61,135
1,61,106
0,71,175
1,65,125
1,60,110
1,59,105
1,66,110
1,63,110
0,65,130
0,69,167
0,67,125
0,69,140
1,63,-1
1,65,134
1,69,270
1,70,200
0,70,140
1,70,192
1,66,165
0,71,178
1,69,155
0,68,150
0,67,130
0,73,162
0,68,120
0,73,140
0,75,245
1,59,118
1,69,212
0,74,165
1,65,161
0,71,200
0,68,175
1,63,145
1,65,105
0,72,180
0,71,150
0,69,145
1,60,125
0,66,155
1,60,118
0,66,155
1,66,176
1,68,150
0,69,182
0,75,185
1,66,135
1,62,120
1,66,153
0,67,160
1,65,145
0,73,250
1,66,145
0,68,163
0,69,110
1,60,152
0,69,160
1,60,113
0,69,140
1,63,123
1,68,200
0,69,147
1,66,136
1,68,158
0,67,160
1,63,110
1,64,125
1,62,120
1,60,110
0,73,175
0,66,160
1,63,105
1,60,125
0,72,295
1,61,145
0,67,150
0,69,136
1,69,130
0,69,151
1,64,110
0,69,145
0,67,185
0,75,200
0,69,180
1,61,117
0,64,230
1,64,130
1,61,105
1,63,140
1,67,180
0,68,140
1,64,115
0,69,140
0,72,180
0,66,143
0,66,180
0,68,147
1,63,160
0,70,180
1,70,157
0,71,155
0,67,130
1,63,100
1,64,106
0,72,180
1,64,-2
1,66,141
1,64,99
1,67,130
0,73,180
1,64,125
1,62,107
0,71,165
1,65,150
0,70,135
0,71,135
1,64,130
1,63,150
0,75,180
1,64,135
1,59,98
1,64,270
0,70,162
0,69,240
0,65,215
0,68,180
1,68,155
1,68,178
1,67,140
1,60,125
0,66,120
1,64,107
0,64,130
1,64,150
1,66,135
1,71,222
1,67,117
0,65,220
0,69,140
0,66,142
1,65,125
0,67,160
1,65,120
1,63,115
0,73,170
0,75,175
0,69,145
0,71,175
0,71,169
1,64,129
1,60,145
1,65,127
0,69,140
0,71,194
1,63,165
1,61,120
0,67,200
0,68,150
0,71,180
1,58,100
1,65,200
0,71,145
1,66,145
1,65,103
1,64,135
1,64,202
0,66,140
0,69,-2
0,70,175
0,68,175
1,65,130
1,64,125
0,67,165
0,64,115
1,60,135
1,57,120
0,66,155
1,64,127
1,56,115
1,61,110
0,71,180
1,65,150
1,62,95
0,65,105
1,65,145
1,62,120
0,66,120
1,59,103
1,66,155
0,62,125
1,60,129
0,71,225
1,61,180
0,68,145
0,69,152
1,63,115
1,68,140
0,72,180
1,69,170
0,70,130
1,65,121
0,72,200
0,64,130
1,60,103
0,66,166
0,74,170
1,62,135
1,62,116
0,65,135
1,62,164
1,61,205
1,63,130
1,60,125
0,66,148
1,67,140
0,69,215
1,61,110
0,69,125
0,71,178
1,68,135
1,64,105
1,58,117
0,69,160
0,66,140
1,59,120
0,64,230
1,64,112
0,67,138
0,67,146
0,66,126
1,64,135
1,60,115
1,63,101
0,70,175
0,71,185
0,105,40
1,64,130
0,70,260
0,67,220
1,64,130
0,63,155
0,71,220
0,60,115
1,62,108
1,69,260
0,67,131
1,71,135
1,59,98
0,73,160
0,67,220
0,70,166
0,69,195
0,67,145
1,61,145
0,71,140
0,66,135
0,71,130
1,62,160
0,70,210
1,67,244
0,67,152
0,70,165
1,66,140
1,65,178
1,61,100
0,65,136
1,58,135
1,67,125
0,68,174
1,63,120
0,64,130
0,68,200
0,72,176
0,64,130
0,72,155
0,69,180
0,73,170
0,66,116
0,68,130
0,72,200
0,71,175
0,71,180
0,72,175
1,65,174
0,69,143
1,63,107
1,66,180
1,66,185
0,70,180
0,71,135
0,71,110
1,66,154
1,62,138
1,67,154
0,65,116
0,64,115
1,71,210
0,70,130
1,61,115
0,74,179
0,70,197
0,68,210
1,64,152
0,71,210
1,63,205
0,66,150
0,66,160
1,66,136
0,65,120
1,26,130
0,66,139
0,69,130
0,68,150
0,65,120
1,67,145
0,68,145
1,65,170
1,62,170
1,69,-1
1,68,190
0,71,165
0,70,124
0,64,135
0,66,110
1,62,131
1,64,-2
1,65,136
1,63,186
1,63,160
1,61,105
0,70,178
0,70,145
0,73,142
0,74,140
0,72,165
0,72,140
1,67,168
0,61,130
0,67,115
0,65,130
1,62,140
1,61,125
1,66,148
0,71,180
1,67,140
0,72,165
0,70,180
1,60,115
0,71,146
0,71,140
1,68,130
1,69,183
1,65,145
1,66,148
0,66,131
0,75,175
1,66,115
0,72,204
0,76,240
0,72,195
0,74,225
0,73,273
1,60,135
1,63,111
0,67,165
0,69,185
1,63,185
0,76,175
0,67,170
0,65,130
1,65,135
0,73,140
0,72,186
1,61,97
0,67,145
0,62,105
0,71,170
1,62,140
0,68,140
1,63,95
0,69,150
0,64,125
0,62,115
0,69,-2
0,70,195
1,67,170
1,66,220
1,66,110
1,64,115
0,66,154
1,66,120
1,61,140
0,69,160
1,68,144
1,58,220
0,69,140
0,69,150
0,71,135
1,63,150
1,60,168
1,60,118
1,65,200
1,62,125
0,70,180
1,66,132
1,65,170
0,71,135
1,61,100
0,71,180
1,63,130
1,66,140
1,67,145
0,72,180
0,72,178
1,68,125
0,69,225
0,68,140
0,65,162
1,64,130
1,66,145
1,60,135
0,62,160
1,62,-2
0,69,165
1,64,150
1,64,153
1,65,175
1,62,138
1,65,120
0,72,155
0,67,200
1,62,115
0,67,130
0,65,135
0,72,165
0,68,193
1,65,146
1,66,130
0,70,160
1,64,139
0,72,220
0,68,159
0,69,148
0,73,170
0,71,160
1,65,127
0,72,200
0,70,165
1,63,115
0,70,155
1,63,135
0,66,160
0,65,160
1,61,119
1,60,120
0,65,125
1,63,127
0,65,120
0,67,144
1,60,170
1,63,165
1,60,127
1,63,117
0,67,160
0,72,160
0,67,160
0,68,145
1,61,-2
1,62,128
1,62,120
0,69,170
0,71,175
1,62,127
0,72,230
0,68,250
0,68,156
0,71,150
0,58,110
0,68,140
1,61,130
1,60,128
1,65,140
1,63,108
0,68,150
0,69,143
0,66,145
0,69,147
0,58,130
0,69,170
1,68,135
1,63,145
1,61,115
1,60,115
0,58,150
1,63,126
0,67,145
0,75,190
1,63,140
1,64,125
1,63,145
1,65,145
1,64,165
1,64,145
1,63,123
0,62,120
0,67,135
1,62,102
0,62,135
1,62,180
0,66,132
0,64,150
1,64,115
0,69,160
0,71,185
0,75,175
1,66,180
1,66,150
0,66,135
1,63,150
1,65,130
1,64,175
1,59,150
0,67,133
0,74,155
1,65,145
0,73,200
1,63,105
1,62,120
1,64,145
0,64,123
0,69,151
0,70,180
1,64,120
0,67,125
1,66,125
1,62,115
1,61,110
0,70,145
1,66,137
1,66,140
1,68,140
1,65,170
0,71,240
0,70,227
1,62,180
0,67,200
1,64,180
0,68,210
1,65,135
1,64,160
0,71,153
0,70,130
0,65,175
0,66,145
1,61,110
0,74,170
0,69,150
1,64,-2
1,62,115
0,66,180
1,64,150
0,67,160
0,68,140
0,67,160
1,65,123
0,72,210
0,69,185
0,69,160
0,68,125
0,71,215
0,71,165
0,67,140
0,68,215
0,64,200
1,68,125
1,66,323
1,65,113
1,67,125
0,66,160
1,67,145
1,64,80
0,66,115
1,65,150
0,65,175
1,60,95
0,66,150
1,64,122
1,68,170
1,57,132
0,68,170
1,63,130
1,64,135
1,64,120
1,58,145
0,70,155
0,71,165
0,74,215
0,73,200
1,59,125
0,68,210
0,66,135
1,62,106
0,66,140
1,64,130
0,70,170
1,61,-2
0,73,195
1,65,145
1,69,133
1,61,133
1,65,195
1,69,211
1,69,135
0,70,230
1,69,150
1,62,127
1,67,215
0,66,150
1,65,108
1,64,120
0,68,240
1,64,130
1,66,130
0,66,138
1,63,120
0,68,141
0,62,130
0,68,122
1,61,122
1,62,110
1,64,121
1,68,120
1,65,127
1,65,212
0,67,135
0,73,230
0,68,297
1,63,212
0,67,190
1,66,115
1,67,170
0,66,125
0,69,160
1,65,110
0,68,160
1,66,102
1,62,121
1,62,140
1,58,150
0,72,190
1,67,150
0,67,163
1,64,137
0,73,212
0,75,220
1,69,120
0,70,155
1,65,180
1,68,145
0,69,155
1,64,140
0,71,175
0,72,140
1,66,113
0,72,180
0,68,120
0,70,130
0,72,187
0,71,142
0,70,130
0,75,184
0,67,180
1,64,241
1,67,150
1,63,160
1,64,90
1,60,110
1,59,88
1,62,140
1,63,98
1,64,130
1,66,110
0,66,168
1,60,103
0,70,157
1,68,200
1,66,135
1,62,111
1,68,130
0,75,185
0,67,150
1,65,190
1,63,160
0,65,134
1,64,110
0,71,140
1,65,110
1,64,115
1,64,150
0,68,162
1,63,140
1,62,150
0,66,130
1,60,137
1,64,-2
0,72,170
1,60,98
1,64,103
0,72,186
0,72,210
0,73,195
1,68,238
0,71,136
0,60,130
0,69,180
1,62,204
0,74,196
1,64,120
0,74,170
1,58,110
0,67,235
1,64,270
0,71,175
1,58,277
0,69,160
1,63,120
0,66,120
1,63,152
1,70,115
0,66,163
1,66,110
0,71,145
0,67,127
0,66,138
0,64,167
0,63,145
0,69,125
0,71,211
0,72,220
0,69,160
0,68,175
1,65,155
0,72,150
1,63,120
0,66,210
0,69,152
1,61,175
1,67,180
1,67,165
1,67,160
0,76,270
1,64,115
1,64,119
0,71,125
0,73,240
1,61,140
1,63,129
0,68,141
1,66,129
0,68,172
0,71,157
1,65,120
1,60,105
1,63,140
0,72,190
0,68,130
0,67,175
0,67,165
1,67,130
0,70,150
0,74,160
0,69,180
1,65,110
1,67,140
1,63,103
1,61,110
0,73,175
0,71,165
1,66,121
0,71,168
0,72,150
1,67,150
0,71,260
0,70,150
1,64,110
0,69,150
0,73,185
0,66,120
0,63,130
1,65,154
0,72,160
1,66,105
1,61,130
1,64,138
1,63,137
1,69,150
0,72,150
1,68,144
0,68,170
0,69,165
0,69,175
1,65,125
0,72,177
1,65,150
1,64,170
1,64,120
0,76,190
0,69,187
0,72,160
0,70,150
1,61,115
1,62,143
0,73,200
1,62,130
1,38,120
1,67,210
1,62,105
1,67,129
0,70,145
1,69,-2
0,71,160
0,67,150
0,66,180
0,73,150
1,67,280
1,68,260
1,60,100
0,68,188
0,74,220
1,63,118
1,65,175
1,65,168
0,65,132
0,68,133
0,68,229
0,71,192
1,60,135
0,71,167
0,74,275
0,64,200
0,66,150
1,60,145
0,70,190
1,65,159
1,64,115
1,65,165
1,63,117
1,63,114
0,70,230
0,73,140
1,65,144
1,68,123
1,67,230
0,73,205
0,68,138
0,64,165
1,62,160
1,67,-1
1,64,200
0,64,145
0,66,150
0,58,150
1,61,113
0,66,132
0,72,145
1,66,120
1,68,129
1,66,196
0,69,147
1,63,198
0,71,145
1,62,152
1,60,135
0,66,135
1,65,120
1,68,120
1,62,215
1,63,115
0,69,145
1,63,174
0,69,153
0,66,150
0,70,166
1,65,160
0,68,240
1,64,-2
0,73,150
1,64,110
1,66,129
1,61,105
1,66,140
1,64,180
0,66,125
0,74,170
0,72,250
1,65,151
1,62,100
0,67,140
0,67,155
0,67,170
0,70,175
1,65,170
1,50,95
1,66,120
1,64,130
0,69,190
0,74,240
1,66,130
1,62,180
1,66,145
0,73,200
0,75,160
1,60,136
1,59,150
0,69,250
1,61,98
0,68,210
0,69,153
1,64,110
1,64,179
1,67,147
1,63,135
0,69,170
1,63,135
0,72,150
1,62,120
0,72,140
0,65,180
0,70,145
0,71,165
0,67,131
0,75,190
0,72,190
0,69,203
1,60,117
1,62,170
1,68,120
1,61,-2
0,65,165
0,73,162
0,67,153
0,68,150
1,64,170
1,67,230
1,60,202
0,71,188
1,65,163
0,68,152
1,69,120
0,66,135
0,69,154
1,66,180
1,64,101
0,66,145
0,69,151
1,68,260
1,61,180
0,72,146
0,73,253
0,66,120
0,68,140
1,67,160
1,60,162
1,66,128
1,62,135
1,64,130
1,68,158
1,64,139
1,66,130
1,65,132
0,73,175
1,66,190
1,64,126
1,61,107
1,61,107
1,64,285
1,67,115
1,66,120
0,73,150
0,66,175
1,66,170
0,74,163
0,74,195
1,66,121
0,70,150
0,71,135
1,64,120
0,75,175
0,66,145
0,72,170
1,60,160
0,71,275
1,65,113
0,67,157
0,67,140
0,63,132
0,72,195
1,71,210
0,66,190
0,66,120
0,66,120
1,64,114
0,68,140
0,74,185
0,66,140
0,72,165
1,62,155
0,75,185
1,72,190
0,72,198
0,66,169
1,64,110
1,64,200
0,67,175
0,73,264
1,60,165
0,69,182
1,64,125
1,65,124
1,69,168
1,65,180
1,70,135
0,71,160
0,66,145
0,71,190
1,68,193
1,63,115
0,68,160
0,65,178
0,72,145
1,62,115
1,65,145
1,62,104
1,63,105
1,71,115
1,64,145
1,66,144
0,72,160
0,67,140
1,63,187
0,69,161
1,63,130
1,61,107
1,64,140
0,67,135
1,65,175
1,69,-2
1,72,167
1,71,165
0,65,150
0,69,140
0,72,132
0,70,163
1,64,190
0,73,127
0,66,132
1,61,102
1,63,150
0,71,147
0,71,157
0,68,140
1,61,100
1,64,116
1,65,130
1,62,115
1,63,-2
1,65,165
1,66,130
1,65,130
1,62,110
1,69,180
1,71,188
1,59,125
1,61,122
0,69,150
1,65,145
0,67,140
1,63,148
0,70,289
0,67,135
1,65,224
0,67,146
1,62,118
1,60,136
0,70,145
0,68,139
0,70,160
0,68,140
1,63,130
1,70,270
0,75,220
1,63,125
1,62,125
1,59,96
1,61,150
0,64,130
0,73,186
0,76,225
0,68,150
0,66,210
0,64,160
0,60,110
1,63,115
0,72,220
0,74,200
0,69,200
0,75,190
0,68,210
0,63,120
0,67,130
1,64,145
0,66,135
0,75,165
0,64,123
1,70,186
0,73,149
1,61,125
0,68,185
0,64,135
0,72,225
1,60,135
1,64,150
0,69,120
1,60,105
0,69,150
0,66,145
1,68,115
1,63,110
1,68,150
1,60,115
0,68,130
1,57,113
0,65,140
0,69,142
0,64,120
0,69,170
1,60,-2
0,71,170
0,72,169
0,74,150
0,61,115
0,65,130
1,65,117
1,63,100
1,61,116
1,63,145
0,70,175
1,64,115
1,66,185
0,70,174
1,64,112
1,63,153
0,68,210
0,72,145
1,63,143
1,65,116
1,59,123
0,73,230
0,61,205
0,68,157
0,67,180
1,59,105
1,67,124
0,68,232
0,71,190
0,73,155
1,62,120
0,74,185
1,62,-1
1,67,-2
0,71,155
1,62,117
0,68,155
1,64,125
0,69,273
1,67,135
0,72,160
1,65,180
0,68,153
1,63,170
1,65,175
0,65,135
0,73,170
1,63,120
1,63,162
0,68,140
1,59,100
0,65,168
0,72,190
1,63,124
1,69,171
1,69,160
1,60,200
1,66,150
1,63,118
0,73,155
0,72,175
0,66,156
1,64,140
1,64,170
0,72,190
0,64,148
0,66,160
0,65,-2
1,64,175
1,62,183
0,73,200
1,64,130
0,70,140
0,72,140
0,69,130
1,64,146
0,70,155
1,63,125
0,71,130
0,68,140
1,65,150
0,70,163
1,63,120
1,64,-2
1,67,120
0,63,160
1,64,147
1,62,110
0,71,215
0,71,185
1,66,135
0,63,120
1,67,127
1,66,210
0,70,170
1,66,125
1,61,124
0,65,130
0,66,141
1,67,155
1,64,120
0,69,203
0,74,263
0,71,202
1,62,125
1,63,150
0,63,185
0,70,155
0,64,135
1,65,130
0,71,203
1,65,160
0,63,147
1,67,120
0,68,160
1,65,188
0,67,140
0,70,210
0,67,210
1,66,125
1,70,110
1,65,126
1,61,146
0,68,165
0,70,164
0,65,220
1,67,157
1,71,160
1,67,163
0,69,175
1,63,-2
0,64,146
0,70,172
0,72,150
0,72,165
0,69,155
1,68,160
0,71,155
0,69,205
0,68,300
0,68,171
1,63,115
1,61,150
1,59,145
0,70,150
0,71,180
0,66,170
1,66,165
1,63,160
1,63,130
1,69,135
1,67,-2
1,63,130
1,64,100
1,67,175
0,70,140
1,62,120
1,65,116
0,70,200
1,67,128
1,59,100
0,69,170
0,69,150
0,67,140
1,62,150
0,73,170
0,64,145
1,64,110
1,61,110
0,71,175
0,69,155
0,68,120
1,66,130
1,62,129
1,65,147
1,67,119
1,68,115
0,66,120
1,64,125
1,66,160
0,68,170
0,71,150
1,63,116
1,65,127
0,67,140
1,66,111
1,66,160
0,68,130
1,71,230
0,73,167
0,65,150
1,64,165
0,73,165
1,62,105
1,49,115
1,66,130
0,74,129
0,70,240
1,60,125
0,72,140
0,72,160
0,73,150
1,62,125
0,71,155
1,67,124
0,65,171
1,66,131
0,65,128
0,71,163
1,68,136
0,77,170
0,72,148
0,70,165
1,66,175
0,68,120
0,77,170
1,67,145
1,63,110
1,64,120
0,68,150
0,74,320
0,75,235
1,57,110
0,72,175
0,69,176
0,69,140
0,69,170
1,67,175
1,62,139
0,72,175
0,76,212
0,78,185
0,62,125
1,62,115
0,69,140
1,64,130
0,73,140
0,76,210
0,63,120
0,72,152
0,67,135
0,66,127
1,63,140
1,63,160
1,63,124
1,63,110
1,72,230
1,66,190
0,64,140
0,65,120
0,63,100
1,64,130
0,61,110
0,71,210
0,67,165
0,71,185
0,66,230
0,66,120
0,68,160
1,61,141
1,64,178
1,69,187
1,64,183
1,60,-2
1,62,122
1,60,-2
1,63,130
1,69,170
1,62,109
0,67,135
0,73,280
1,62,-2
0,73,149
0,72,195
1,64,119
1,65,120
0,66,149
1,65,190
1,69,234
1,63,132
0,71,170
1,66,120
1,64,200
0,70,140
0,67,155
0,70,150
0,74,160
1,64,125
0,69,135
1,59,108
0,64,140
1,61,120
1,65,120
1,60,114
0,64,-2
0,68,190
0,72,227
0,67,150
1,61,180
1,65,155
0,63,115
1,65,117
1,69,175
0,69,180
0,63,115
0,64,230
1,64,115
0,71,135
0,65,340
0,69,190
0,70,220
1,63,130
1,64,125
0,66,143
0,76,260
1,67,120
0,68,190
0,69,150
1,65,185
0,67,190
0,71,195
1,62,100
0,66,110
0,66,132
0,68,140
1,63,135
1,65,128
0,71,190
1,68,-2
0,67,140
0,66,116
0,66,153
0,66,148
1,64,160
0,64,120
0,67,125
1,68,201
0,72,275
1,63,115
0,68,175
1,61,114
1,67,155
1,60,135
1,64,125
0,70,150
1,63,172
1,59,115
1,56,60
1,64,190
0,68,125
1,62,125
1,61,115
1,70,190
0,69,125
0,58,-2
1,59,167
0,71,147
0,66,121
0,64,167
1,63,115
1,64,108
0,73,125
1,59,130
0,69,160
0,68,137
0,64,125
1,61,110
1,61,128
1,63,142
1,61,200
0,66,128
0,70,150
0,67,-2
0,76,175
1,58,147
0,64,240
0,73,300
0,66,115
1,61,125
0,68,150
1,69,-2
0,70,200
1,63,185
0,65,150
1,63,136
1,62,131
1,60,105
1,62,110
1,63,120
0,66,125
1,63,140
1,66,125
0,66,145
1,66,145
0,70,160
1,62,180
1,61,145
0,72,165
1,64,130
1,64,139
1,66,125
0,66,185
1,62,138
1,63,110
1,65,273
1,67,135
0,63,125
0,66,184
0,75,180
0,72,175
0,66,230
1,66,162
0,67,162
1,60,118
0,72,178
0,63,120
0,69,155
1,67,-2
1,62,126
1,64,170
1,59,100
0,67,130
0,72,160
0,67,165
0,64,-2
1,69,132
1,60,145
1,67,145
0,69,152
0,65,160
1,65,150
0,70,155
1,67,165
1,64,116
1,64,128
0,63,151
0,70,145
0,73,159
0,69,136
1,64,160
1,68,135
1,66,140
1,68,120
1,66,-2
1,63,145
0,64,133
1,61,108
0,60,120
1,63,145
0,70,155
0,73,165
0,71,140
1,64,-2
1,62,252
1,67,350
0,78,185
1,56,130
1,66,135
1,69,135
0,68,150
0,68,170
1,63,160
0,71,185
1,64,165
0,73,185
1,65,118
1,67,216
1,67,165
1,72,150
1,63,150
1,59,140
1,60,120
0,73,-2
0,66,130
0,64,180
1,66,108
0,70,155
0,67,115
1,64,125
1,62,205
0,73,230
1,62,155
1,63,145
1,63,147
0,68,130
0,72,138
0,68,145
0,73,168
0,72,165
0,69,130
0,71,175
0,64,130
0,74,182
1,67,136
0,73,165
0,67,170
1,63,150
1,62,-2
1,61,115
1,64,135
1,67,180
0,69,193
0,72,172
0,70,160
0,74,285
1,64,114
1,67,160
0,63,120
1,68,123
1,64,95
1,64,200
1,64,110
0,69,160
1,63,105
1,62,115
0,73,186
1,66,145
0,73,200
0,67,130
1,65,125
1,67,-2
1,62,106
1,60,97
0,67,155
0,72,175
1,60,103
1,67,120
0,64,160
0,68,175
0,69,138
0,68,160
0,72,152
0,64,105
1,64,130
1,61,101
0,67,140
1,61,135
1,69,156
1,66,135
0,70,145
1,64,130
1,62,117
1,62,110
1,64,150
0,65,130
1,62,100
0,67,170
0,62,200
1,57,130
1,63,210
0,72,175
0,68,190
0,69,130
1,62,146
1,66,125
0,74,155
1,67,128
1,66,150
1,71,117
1,63,146
0,70,157
0,70,142
0,70,170
1,67,125
0,72,215
0,73,175
1,69,200
0,69,142
0,65,123
0,65,127
1,72,160
1,64,107
0,69,175
0,70,140
1,67,110
0,66,125
1,65,140
0,64,120
1,66,175
0,72,115
0,72,198
0,67,160
0,69,150
1,58,111
1,64,150
1,59,-2
0,64,110
0,72,260
1,62,100
1,62,120
1,62,100
0,74,180
1,66,134
1,60,135
0,66,127
1,64,115
1,64,129
0,66,165
0,72,175
0,71,135
0,71,135
1,61,130
1,63,125
1,64,160
0,77,235
0,67,190
1,63,123
1,67,145
1,63,120
0,76,140
1,62,155
0,63,135
0,70,165
1,62,160
0,67,140
1,78,132
1,67,190
1,64,190
1,67,125
0,70,170
0,70,160
1,63,112
0,76,300
1,64,150
1,69,140
0,69,160
0,67,115
0,66,98
0,65,195
0,68,125
1,64,200
0,66,140
1,63,160
1,63,155
1,57,82
0,71,135
1,66,115
1,63,155
0,65,160
1,62,120
1,66,135
1,68,125
1,63,115
1,63,115
1,65,179
0,68,250
1,65,200
0,66,120
1,63,113
0,64,215
0,66,140
0,71,175
1,71,130
1,64,109
1,63,145
1,63,130
0,58,142
0,69,136
1,62,140
0,78,190
0,68,190
1,62,130
1,68,190
1,69,139
0,66,190
0,72,174
1,61,127
1,64,105
0,68,200
1,62,110
1,63,170
0,68,180
0,67,180
0,75,185
0,68,170
1,69,130
1,65,130
0,71,158
1,62,148
0,72,206
1,68,152
0,68,140
1,63,130
1,66,-2
0,73,148
0,72,135
1,66,190
1,65,115
1,63,170
1,68,145
0,69,200
0,72,165
0,69,140
1,66,140
1,60,115
0,72,150
0,67,160
0,58,125
0,72,180
0,73,170
1,63,118
1,67,139
0,72,150
1,64,125
0,72,180
1,69,135
0,73,165
0,72,140
1,69,157
1,68,120
0,71,186
0,65,140
1,64,165
1,66,110
1,67,275
1,64,130
0,73,150
0,71,205
0,72,195
1,61,125
0,69,168
0,74,215
1,70,210
1,66,160
0,72,142
1,66,160
1,64,128
1,59,100
0,70,145
1,66,173
0,71,-2
0,75,220
0,76,178
1,67,130
